time step,failed agent x-position,formation velocity,other agent x-positions,,,
0,-3.0606601717798214,0.0,-2.0,-2.0000000000000004,-3.060660171779822,-2.000000000000001
20,-3.2157499154655698,0.4787660185683357,-1.9848066048989526,-2.00303275326499,-3.30729440433767,-2.0042895819548954
40,-3.2749578879698467,0.37278419126070755,-1.8410074204431948,-1.7746996740458394,-3.4373023531960096,-1.8078405694367559
60,-3.1584309221416187,0.3907124926570981,-1.5928836907527835,-1.5854372734786097,-3.1896790925795835,-1.6004935610757032
80,-2.9389437873245647,0.7822152691889667,-1.4424960937932507,-1.4795776505505516,-3.1883025692405824,-1.5799577984006818
100,-2.7607788912828815,0.9107659755023854,-1.3514348493913646,-1.3426110443236956,-2.9015652546399617,-1.3814522290720772
120,-2.51226572818055,0.587368611295256,-1.1293630900468672,-1.1490444072715928,-2.617000413459953,-1.1556542803440628
140,-2.4232920164810374,0.35167084708493923,-0.950078866130567,-0.9364829146043103,-2.3410421336254488,-0.9291089371990664
160,-2.3498741882932213,0.32314279829364684,-0.7078991517856701,-0.7286668858645005,-2.1090070398861434,-0.6815633372362842
180,-2.156522784069677,0.44602399396704995,-0.4687880425458413,-0.5593595808785115,-2.1026237022795287,-0.48299099454719685
200,-1.9818381062201311,0.8555456789877512,-0.4191413234874908,-0.47378487462133867,-1.9848298477410344,-0.45342362022728144
220,-1.5905412332953446,0.6176043111720135,-0.1976992810238658,-0.2761869223569635,-1.6606940139146138,-0.21665373805917665
240,-1.4826492489442502,0.6799416385260181,-0.003760179724450863,-0.052065119082711275,-1.6601981579498184,0.02579518036227446
260,-1.2394172385347306,0.5188242175415303,0.2387393755928584,0.16194929454607587,-1.4044684999982129,0.2659055790142646
280,-1.0986362039318602,1.1900073665205244,0.3443032799559247,0.22956834752629973,-1.2308861134340507,0.33223081056263837
300,-1.0467775404936273,0.6188388426841316,0.548987674644446,0.39913969459539267,-1.070158023765118,0.5198999609694899
320,-0.6404225376529782,0.4740838646586186,0.6504769514633604,0.6357256107276439,-0.8153347360323973,0.7664962193239271
340,-0.8302883842224844,0.11221946805320662,0.6107581469016323,0.8726358682517237,-0.5640074127198074,1.0156936242056744
360,-0.6784820824646025,0.42860266185151713,0.8424551680564165,1.02264288148664,-0.29717716480156486,1.2593884692268622
380,-0.5053993300009059,0.6228800597950903,1.0507056510778034,1.084824551536037,-0.3218626093294401,1.3605058353282504
400,-0.42155486144980747,1.2839968271079145,1.098495247669673,1.1539108046828366,-0.19558533402491074,1.4674313672557031
420,-0.08193055116404624,0.7551502943073818,1.296607255502276,1.346164158447546,0.046513770392647036,1.675681093921983
440,0.07311435342814931,0.2438903669384238,1.5119281350462752,1.5763898059559867,0.301543197895199,1.9208209878760694
460,0.23312452596946498,0.38474130685373875,1.7485941003778231,1.8165318628494997,0.5662676542733074,2.1672037663065815
480,0.40606824819605114,0.7082408978877435,1.937116866659081,1.8813204299751307,0.5441110012863284,2.255305768278271
500,0.5919088728512905,0.9574724573640472,2.0859881402111125,1.9846955841578748,0.7952647681554055,2.402985534070492
520,0.7082387543610111,0.41837071425673145,2.2338618043066125,2.1569898812259667,0.9961389767357502,2.625970954107328
540,0.7739550458051219,0.42606276655488573,2.422948051885898,2.3636185607272506,1.0246900428442345,2.8614000866008844
560,0.9898884898363138,0.7094645081811466,2.6589632817338913,2.485398068337831,1.0891304101402737,3.0394401583371184
580,1.2547564966569529,0.33216346376196093,2.9021186477345635,2.6156552300094833,1.4459587811404262,3.2835138176092054
600,1.3760149375527226,0.4304669428018853,3.0859560575464746,2.61660869797431,1.4364012629302785,3.3237596214325453
620,1.4484006738921864,0.5022404390515478,3.1977445254832224,2.81402289913211,1.8111499281481027,3.5651366468951586
640,1.467291248162399,1.0093521591716228,3.29477179751943,2.870084744659597,1.9689441454923333,3.6483004893391104
660,1.6244507636310277,0.8025481382848811,3.4298716356594117,2.985167249512157,2.1023369497940303,3.935805862083593
680,1.7504414411530642,0.6556032696010888,3.644915024764469,3.2090539358093513,2.317864987633029,4.188870830137754
700,1.9249480134490686,0.5467123825573512,3.7325709542640126,3.302115142775239,2.509226185926231,4.260562327088098
720,1.9813959685783478,0.2898097507011109,3.827766862559856,3.468952024673007,2.8084756674799456,4.502372109333723
740,2.085635675140064,0.5079847243422643,3.9816532885001896,3.69146901270313,2.996847643807043,4.7330462880325275
760,2.301826242986253,0.4486628565697828,4.089408198984142,3.8548203500763623,3.0483420114339568,4.948004320294642
780,2.3431976485332258,0.6934124047944815,4.319730699065899,4.015352627900469,3.2012909887211087,5.158987179250382
800,2.417842832045151,0.7245278124227448,4.363462496222008,4.071579448611709,3.3744795485347527,5.224460054419341
820,2.576757438191612,0.9488060882683442,4.556596811232771,4.143611599531665,3.6136267695423587,5.401655062961863
840,2.676428536581224,1.3103728889213042,4.6467956648833315,4.189656945601849,3.718735943112711,5.505214558975157
860,2.899779416216527,0.9081007624761199,4.844127851050223,4.362435254942172,3.955392577778288,5.7612505000688135
880,3.026075728941849,0.9905378579393066,4.982560360752106,4.547573004357945,4.053428654573739,5.926611346049145
900,3.090541456727624,1.1217325869602086,5.079512742445356,4.607050489819974,4.155398254680218,6.00272578318189
920,3.2862485189654973,0.7076575330213022,5.208445254818512,4.794488062179264,4.38572898864547,6.203823960608379
940,3.481599893721486,0.7391250558577165,5.305002183024346,4.987975086740873,4.532322583216598,6.402219849830677
960,3.5636974304352482,1.3013554665016343,5.3986629255343646,5.112994243252944,4.691380305919129,6.526361040046887
980,3.678699236454421,0.7489184598485045,5.616527113306632,5.215098859527615,4.827139078080064,6.705338039484491
1000,3.7654610905482424,0.9151557786020131,5.685390641104362,5.306387862119287,4.989427085296536,6.840029337644045
1020,3.826811476349499,1.313160340730225,5.7977402650895264,5.404839070833628,5.147937205735313,6.9596586155059255
1040,3.922529222095721,0.9985199720261487,5.925992086723542,5.558015188742921,5.3362241236059775,7.139097369774404
1060,4.020420959118168,1.3761873644291227,5.99286692263294,5.649300267979427,5.448671624899554,7.218050148115428
1080,4.178576159304349,1.3357658961246572,6.073036310754411,5.798729579128381,5.620559347878323,7.377716778909215
1100,4.298298076419501,1.463183054672035,6.180650652341942,5.924796550688441,5.7637122804694245,7.510906341713514
1120,4.415447014786901,1.3623790476953748,6.304759134583318,6.049340674219211,5.91291132578696,7.650929433056743
1140,4.531869645539473,1.4238328395336572,6.4295776292238305,6.175762282941735,6.054773816795032,7.787041624510832
1160,4.6524204296868135,1.5315564845325553,6.556631547178307,6.303263691269391,6.191269697246013,7.918862668344032
1180,4.777560211356221,1.564655855970176,6.683080218731428,6.420713061184475,6.333974139306455,8.044794964817772
1200,4.899568121331747,1.4618534240797694,6.794701051207946,6.536850243873676,6.478284320950389,8.170487664451475
1220,5.028118177664636,1.3928841794880769,6.916868465633463,6.662152151365113,6.626031577705725,8.308519830997593
1240,5.15485185229446,1.4341666533588833,7.041898098914306,6.791193714005965,6.7668316979977705,8.445018848126104
1260,5.272406374668229,1.5720476893612798,7.165255858274209,6.911286708309021,6.8981832437874795,8.568598203136865
1280,5.395588790464997,1.5742647142632564,7.294940911020431,7.036250662389653,7.0389461332237255,8.700039147279433
1300,5.513667655817624,1.4187694803125286,7.404229961092465,7.148478183684494,7.180932167476066,8.822745113994038
1320,5.726483498710246,0.8855928022816292,7.555482233528531,7.315052383975216,7.339969570124343,9.0084571453473
1340,5.92839287122146,0.7827398359518309,7.751299886619053,7.517211229777308,7.406548786808348,9.216357655780936
1360,6.044320381057476,0.7509880169401468,7.946389521063844,7.709284183640662,7.6151314600466735,9.40393956701153
1380,6.172201496393651,0.8209111846732446,8.140740429355118,7.778096256416381,7.692400159402772,9.514626197563281
1400,6.309324936963147,0.8221821488681389,8.309369444710686,7.8790255520458,7.92487237618765,9.68394474265024
1420,6.382931677606615,1.2767794489238322,8.379966984840541,7.949843938460976,8.043212888131443,9.776613602264973
1440,6.4605803759722225,1.33612568375113,8.468507345856548,8.06923866866801,8.18710806372589,9.923639040094837
1460,6.593828532435438,1.281882102114468,8.620887902510004,8.186209815994927,8.340976687190818,10.035521246774362
1480,6.791397006298448,1.3341157885877046,8.697350969731819,8.361967153397583,8.526743846695489,10.249659390059772
1500,6.93439689908698,0.9400313061868235,8.789289528662279,8.482580362909228,8.680320552287213,10.368186269805708
1520,7.101654299568876,0.6425836081986578,9.039641125762817,8.64359651156287,8.895824864561536,10.567816872213832
1540,7.169524250223015,1.076695619176149,9.091630963634024,8.692090415894539,8.962091245812267,10.64327202667397
1560,7.304511798290832,0.8528637934204302,9.293838428063532,8.792331170970716,9.151188706005343,10.852172637478173
1580,7.375504581556616,1.2108960223111476,9.398059123935436,8.97501534782356,9.32642465529625,11.034483017129975
1600,7.480263680307726,0.795407301350545,9.506628176805425,9.05245206202056,9.498483413301233,11.173158720195275
1620,7.618573057236954,1.1332793829004526,9.600710975148298,9.200443867869335,9.650428351678961,11.329521550199171
1640,7.726928008571699,1.3407082602897389,9.672976927893027,9.335320978237773,9.777564754572893,11.45404393111611
1660,7.842396112438546,1.5972191605578268,9.784415721494826,9.450909502441402,9.90784355819251,11.584756899711294
1680,7.974158575552506,1.4632441520973076,9.933065747043223,9.596719826244884,10.05280598135942,11.71978185978104
1700,8.101197818435143,1.3810094306538239,10.029948506622244,9.708836206350906,10.193857631357027,11.850867083629755
1720,8.227724189705706,1.407203918575067,10.15497128243621,9.835115169687862,10.332986838172424,11.986491183934671
1740,8.357903543484396,1.3978551707669307,10.281877557725215,9.972529747039042,10.472754541929213,12.12220188804023
1760,8.498754596238433,1.414101329870831,10.418600971839973,10.117224738764012,10.614049814745712,12.271808308370506
1780,8.635961468836859,1.4569261054320037,10.55648382704795,10.247895658587696,10.757229523239133,12.402020553639701
1800,8.750872696238249,1.3546855677131657,10.664743671972056,10.362189500076655,10.892330031541128,12.526956309829878
1820,8.860639831168529,1.355877023262618,10.786330423744872,10.488863669642658,11.027472192144376,12.663065880775914
1840,8.974510724113303,1.3753054912655334,10.914047334708505,10.626062857717363,11.166048495346434,12.799825112260507
1860,9.092776850548612,1.4961626628314637,11.042753468066987,10.755481913498581,11.3030886167907,12.932055508061975
1880,9.238243204999357,1.4799091984435893,11.188913032789335,10.90527302672191,11.454628736753264,13.090375859898607
1900,9.368138265586571,1.2690916148365383,11.288924150354964,11.007390292986237,11.580519458410564,13.19940121370151
1920,9.526616026714196,1.2781318198216831,11.425569805702464,11.150627024226742,11.708520044198774,13.350477412579444
1940,9.645554457696504,1.4749829359986375,11.549855542158069,11.278273984748148,11.842980565729018,13.47775320723656
1960,9.751548030475602,1.503097335757285,11.676688350134363,11.410570005304566,11.971292142527858,13.60129354432783
1980,9.859248652174264,1.5734183824297574,11.79310516997325,11.52612676455119,12.104991640011317,13.72502449015192
2000,9.976831093394809,1.446534084308963,11.91810145924392,11.654141594111284,12.248548417132582,13.856921017261175
2020,10.101289442767284,1.3507922026519117,12.032115268344246,11.778146562744093,12.384201932354348,13.995050398156764
2040,10.260876428886043,1.2915903104655861,12.17316548565229,11.930142927176998,12.524109924327064,14.158403771270343
2060,10.404898980637343,1.4270826534000804,12.308227391103134,12.065554965861486,12.654336188119832,14.286793888874126
2080,10.530387756329072,1.4885004773959951,12.438013989054792,12.193245395335186,12.787211558727492,14.406867156217075
2100,10.641670113796561,1.4242676324988708,12.547180004175777,12.306039032002186,12.922256153724831,14.532757652287891
2120,10.750772903100753,1.3995472655435721,12.667475397729316,12.432052096628128,13.060569854186635,14.666871125076892
2140,10.872529344361016,1.3396195391415415,12.795079311888081,12.572457982080888,13.19222957526004,14.81127278250434
2160,11.00953619623498,1.4010299119003498,12.932754007180066,12.713273957485237,13.323018291345246,14.948108718660126
2180,11.137012555557689,1.5116549798109138,13.057164840330442,12.83168490257724,13.457947945099878,15.072435059968178
2200,11.25580427348283,1.4469299268542284,13.170033099816843,12.948532165028674,13.591615770178748,15.198660139438633
2220,11.376571038526558,1.4165509468256043,13.288920797543838,13.073467506285654,13.728161718220484,15.331166036247481
2240,11.511200853876682,1.4107592201238952,13.4168897386496,13.212768973278356,13.860826137751317,15.471514876355744
2260,11.64492666091794,1.4988057381403876,13.54686474381181,13.344534528169008,13.994869767706689,15.60299150466033
2280,11.780064606618657,1.5189514395438606,13.684825316445306,13.484462699050363,14.136183318822216,15.746755893324476
2300,11.900921425625539,1.3228940203142758,13.794047270416234,13.59567573156879,14.265748938770422,15.866192712919016
2320,12.036679407252134,1.2682201697019029,13.922901587526315,13.732017703948872,14.393361802939598,16.012550957151895
2340,12.1566552356136,1.4413959704266532,14.051732412361929,13.865758351348148,14.529643882078354,16.138465700606314
2360,12.263447683618917,1.5088224357886164,14.176428351891982,13.993106116400666,14.65613866110752,16.26823575626724
2380,12.372392831931284,1.5666393099184774,14.29720615726496,14.11413758401737,14.78606592312655,16.390635243365875
2400,12.486640395733748,1.443335986389143,14.412491263791214,14.232471942260588,14.920822112593097,16.51940159238461
2420,12.616708624414793,1.3896340492370374,14.532635319232856,14.359886993614921,15.05648678877521,16.658284273469185
2440,12.885761088861317,0.9218357420656325,14.704261100341398,14.551442734823972,15.187322132988903,16.86671071487854
2460,13.077905894285864,0.8557641979665634,14.889164239365662,14.735069073520084,15.274372837393184,17.027164590219034
2480,13.164033635483532,0.8824451854095223,15.054093396590769,14.780513108234214,15.455695510310036,17.11742956470048
2500,13.214444348206905,0.9729849692568198,15.201487517786965,14.89389045597629,15.640786332343108,17.277744203133818
2520,13.256050758235498,1.1678440722019705,15.292221091347834,15.004735773030525,15.749334019076162,17.410561440853822
2540,13.360771948472236,1.0125308425327382,15.409268415272042,15.164301437745806,15.94633375449082,17.57495250644851
2560,13.477122442782742,1.4138109461910786,15.477951725062457,15.261974526792574,16.032778599873215,17.663266186975378
2580,13.692884037548621,1.2936940413357116,15.544799010963594,15.41556590318839,16.197825472574415,17.81819177822947
2600,13.897322602035876,1.1775232980551498,15.651567916194676,15.56931964090549,16.367818177319858,17.977361522112414
2620,14.01425764281486,1.4227387112258751,15.7771447594926,15.698965365936505,16.48754087941827,18.10683303294295
2640,14.104492207039238,1.3008022802949077,15.895646641570142,15.835093768561375,16.62904997742622,18.245569840940842
2660,14.180814047291753,1.4365023000266164,16.014722563770384,15.958463601623155,16.75228966946401,18.358265573275492
2680,14.281164392733347,1.312595536353796,16.14190401514127,16.080295773069597,16.901764874286123,18.49465445154462
2700,14.37731881779918,1.4366306506620166,16.259081020502116,16.20914443193856,17.03558965759122,18.626533418549425
2720,14.486757750856421,1.3842333978739727,16.379109109963007,16.32953078627154,17.172384381571938,18.761523488552754
2740,14.616010045263595,1.514345306320434,16.500246851219195,16.45167983169687,17.298569121684935,18.892424765774535
2760,14.767538023490813,1.580632771900406,16.629582516109195,16.579147032011353,17.42638107293269,19.0181157195978
2780,14.917415417660743,1.6430094763424592,16.750809881346214,16.696783037175862,17.5577063215987,19.141961796812236
2800,15.065364468924829,1.5400233463470225,16.870728807912315,16.816859624243584,17.69394740421754,19.269850733974476
2820,15.211926323353305,1.406865136811307,16.990660314581177,16.945771745189834,17.832285056273818,19.408248006445838
2840,15.343556362833004,1.442999988171757,17.116846320784628,17.07992143453363,17.959781935344548,19.543888677179435
2860,15.454392338902528,1.479040122114716,17.2415800338496,17.2067352613029,18.07937014872151,19.667556641294897
2880,15.559395616289121,1.4982871268703495,17.364022421409043,17.329665063495295,18.212274879107994,19.794720836168846
2900,15.65391070260519,1.4252643404437522,17.481784825480297,17.448312153308102,18.34586473168518,19.923763299327288
2920,15.769238010643098,1.2118215175478615,17.602810088678847,17.581994117503793,18.49936134483952,20.070832211827778
2940,15.882448860888916,1.4462367151651416,17.724918686153693,17.709002314737788,18.61532685088122,20.196815833168593
2960,15.99833835569215,1.5247797880812133,17.85094869202473,17.83470819237912,18.74069155519955,20.325502818427257
2980,16.130063908049987,1.550431633929305,17.973996649033673,17.951931156345527,18.871751518670774,20.45141487005379
3000,16.267423408575723,1.4812974982831946,18.09603525961107,18.076304999230754,19.007683640784833,20.58539318453292
3020,16.407663110749745,1.3988603775661836,18.217488433859337,18.20301603471513,19.14370309501575,20.722452192702775
3040,16.54206993736368,1.5290437079862873,18.339905595657928,18.329118256741303,19.26697062607824,20.847595862537116
3060,16.673549185493876,1.540619923057192,18.466891257930445,18.456697093077306,19.392099826116823,20.976674345668954
3080,16.80015326460521,1.5735834327366085,18.58875559179394,18.575112355308345,19.52027090999222,21.099385229042635
3100,16.9205796176866,1.4829530610384105,18.705289002133156,18.696660132358673,19.65328432286971,21.228262397601608
3120,17.035719911851377,1.3984941007020821,18.82157992956248,18.821218271514578,19.784483999014633,21.362965168225763
3140,17.14857960528956,1.4599616099290365,18.942693861779098,18.94833034569468,19.908065127491533,21.496190295203895
3160,17.2644197900353,1.52321650151406,19.068151195548324,19.072892292843232,20.031653618499483,21.61986126398264
3180,17.38431419652643,1.5640697727387152,19.19105667503847,19.190328636349804,20.16056569138471,21.743058882907473
3200,17.508067298375316,1.479077724456648,19.307451461390958,19.309617757759305,20.294337771766017,21.871399841552925
3220,17.63455001696643,1.4276074578910305,19.42557504194104,19.432937334258945,20.42531812982976,22.005127724925853
3240,17.76209935892737,1.4845014581154223,19.54761267647237,19.560799108652255,20.549564673184715,22.13724594027111
3260,17.890110075551355,1.5457440948479184,19.673597354812895,19.68416925403123,20.672380900383565,22.263074367159394
3280,18.01977562195503,1.5908277309809509,19.796961402287884,19.803179171735515,20.800327379095027,22.38714022038743
3300,18.148680203721852,1.499755137512164,19.913497951580926,19.92265313792626,20.933914166100585,22.516357469510094
3320,18.274824444292626,1.4265624088554631,20.03122306997997,20.04705591163805,21.067745025970563,22.649519080343662
3340,18.397444264426657,1.4713267864078121,20.15288451604861,20.17645395133439,21.19297987466995,22.780740754631253
3360,18.517026309276446,1.5134951957213902,20.278572636693006,20.303373056871916,21.315422001384473,22.906777777017517
3380,18.635867383042367,1.56097662014234,20.401584201937137,20.419135815600644,21.443516359731007,23.030430588240304
3400,18.757431759769936,1.4804886639249097,20.517821400298754,20.540016206264568,21.5762355840992,23.15937262434971
3420,18.881566077177784,1.4000533471589476,20.636172589442058,20.663854880569275,21.706538622763915,23.293999461341937
3440,19.007454474574374,1.4796416431380695,20.75837555772489,20.791774163389004,21.832095857008348,23.4225564804889
3460,19.133970411799325,1.5399285453935083,20.88454862508624,20.918190336377656,21.955320038716813,23.54800618193978
3480,19.260008079905575,1.582653170982216,21.008167139861296,21.038075864419625,22.08350403184641,23.67091474527973
3500,19.385685097398312,1.492651112716934,21.124771487619256,21.15822751448679,22.216435926666797,23.79971022666616
3520,19.512820995263525,1.4305451685901642,21.243250048929415,21.282315470386497,22.3470215073778,23.93422077486021
3540,19.639943536591062,1.4840995275790536,21.365564353283904,21.410753831093672,22.47048563206049,24.06720621082007
3560,19.765894474088572,1.5313104032017677,21.491851813325084,21.537468662776597,22.59353242267773,24.192232983782343
3580,19.889968702550327,1.5778844171170665,21.615475902160746,21.65753336626855,22.72283543078921,24.314193733382073
3600,20.011878019605675,1.4769781831494209,21.73205793950651,21.778255730122453,22.856808541568977,24.442853963108426
3620,20.13291314817017,1.4191091256879962,21.850572035992663,21.903070178188376,22.98745966653877,24.576695141783695
3640,20.26215258761992,1.4188107919310216,21.976680058087428,22.036546897147623,23.11938116855752,24.714751539178327
3660,20.38580240625261,1.5365027643034752,22.101186885205163,22.158089332041417,23.236395496239968,24.835843390638214
3680,20.51472454553359,1.562434697088545,22.228559177494624,22.282049987637077,23.36797325398459,24.965167901391737
3700,20.63624250791786,1.4842691329137117,22.34636175520387,22.40284078732958,23.499748391600356,25.092857262610295
3720,20.756913081351478,1.4115089607717919,22.464424810925504,22.527608101260824,23.633424016289357,25.225794037320018
3740,20.88423662277531,1.4162715591990995,22.59057516125153,22.659908353584306,23.76595903747137,25.36366070133757
3760,21.00753730521252,1.5384561217615542,22.71534732300478,22.78135079745341,23.882954058074358,25.483848695877523
3780,21.131103871916753,1.5934518086009661,22.84165562842568,22.903571526359105,24.01090376277245,25.610986262206968
3800,21.261052705701267,1.41741882526751,22.957387220306664,23.02386371806747,24.148766610422076,25.743932339951545
3820,21.383079685813783,1.4299554677143358,23.079164314559446,23.148678235615435,24.274073183903795,25.877185283754446
3840,21.50394443688674,1.449373609105102,23.20120737165632,23.27877982355207,24.402849166799573,26.007470880967585
3860,21.62588899717287,1.544109909264114,23.326911449472554,23.400385768773322,24.52585303038739,26.13186394600919
3880,21.755929595282502,1.5504896903948635,23.45289540552726,23.52307568780122,24.65751662527965,26.257730587475194
3900,21.87964569266263,1.5019211392221685,23.572375199545444,23.64413168464689,24.7883354977267,26.387114613396427
3920,22.008930122078418,1.3614020093671235,23.69200478103713,23.77199236659348,24.92619565404558,26.527431928358787
3940,22.130401493324,1.4800082710207607,23.81481904115314,23.89926210209966,25.042493024651655,26.656886694698414
3960,22.250645422466352,1.4947111093352567,23.94251024890431,24.028395951743974,25.168555643836587,26.783375884286585
3980,22.37291290883657,1.5667970182960442,24.064679254482016,24.14525454183097,25.29739972840976,26.904454644110434
4000,22.50402462150879,1.440157170521492,24.184099349182446,24.26740674085857,25.435659340640775,27.03694276678659
4020,22.62869364758494,1.4474701448017204,24.304818797715395,24.392222021817936,25.562635184233198,27.169941673002274
4040,22.75853199783468,1.4096559970684757,24.43070304913388,24.52668843633503,25.695915128087762,27.3101006529482
4060,22.88064034149735,1.5309465251866705,24.554968885062433,24.64787516470207,25.811830441060025,27.430730740519582
4080,23.0007469949481,1.5899953581202595,24.681648123283498,24.7724349883091,25.939950649871275,27.557363212262807
4100,23.121569314335986,1.4672786989835815,24.796121676869017,24.89005980804261,26.073907476086713,27.68584677928023
4120,23.251692346975,1.3764584425682542,24.91836245948224,25.017396616045406,26.21185488800959,27.82353857433478
4140,23.376360852662792,1.4885526883296998,25.04137904978444,25.14453822089734,26.33059629897751,27.95135614369695
4160,23.50049010593835,1.5237414309604973,25.16901202633594,25.272764117261623,26.455273454071104,28.078005127050243
4180,23.63000446388952,1.5394621484583109,25.292546619378303,25.391158681787726,26.58603944498503,28.203427741143685
4200,23.751106678493134,1.5115396364867872,25.413546003012282,25.51544297237887,26.716294934660368,28.332518455652902
4220,23.872041477812378,1.395113606992873,25.530291073278512,25.640047137048626,26.848488558017657,28.466598288590543
4240,24.00228240548269,1.429000934676542,25.656890356876023,25.77266470029161,26.979631892157162,28.600772156209466
4260,24.127385146358304,1.540044564913088,25.78238803628673,25.894770207652762,27.098507300876243,28.720287175470954
4280,24.2515220896873,1.5868988127953874,25.908568757869446,26.017607959396305,27.22611842238207,28.845126210720025
4300,24.380725842938972,1.4182768534155703,26.024948379638914,26.137958929499,27.363820705020448,28.976938922467383
4320,24.501285754212187,1.448085767495567,26.146591422793016,26.263661942671895,27.48949852042057,29.108945658210093
4340,24.621434621137656,1.4548450811007871,26.268798639611074,26.393201695973126,27.615538638074227,29.24277953188752
4360,24.744939051310112,1.540648884798435,26.394970681597503,26.51663120064213,27.736603453111286,29.365680297347932
4380,24.87627992797165,1.5518382418731727,26.521003259028735,26.637830803518835,27.869341863888188,29.491267897065406
4400,25.000448241190867,1.502639506054356,26.640809749176125,26.76021229293241,28.001138095777435,29.619338788527333
4420,25.12942784010496,1.357030869260114,26.760671127510506,26.887901346584403,28.138490081814638,29.75818023808861
4440,25.25008763400146,1.477389422894547,26.883675155907724,27.01514740803551,28.25523144003269,29.886029311557134
4460,25.37033989981923,1.521296911087824,27.01157418200865,27.14270811698043,28.380580202515265,30.013402460575136
4480,25.49407239083747,1.573920090396212,27.133958831038754,27.259424612034874,28.50732433351573,30.137546205116358
4500,25.625829707004893,1.4401231086243498,27.25354979870104,27.382317685650957,28.644276316283133,30.267989486226504
4520,25.750261778424317,1.444300109268044,27.374383138062335,27.507366518691786,28.7725833303612,30.398692409381944
4540,25.879090107989946,1.4067589050631493,27.50066778798548,27.642147805295885,28.904755236448548,30.53828686131854
4560,25.99988000434107,1.52357522617223,27.625089885794605,27.76393812408201,29.021378583872732,30.65722283810662
4580,26.119988992742073,1.5883663045959129,27.751980756810337,27.88843176511769,29.149095897442272,30.782674938732562
4600,26.24355339926893,1.4660017424043938,27.86667527103687,28.004819474403043,29.28179699129624,30.911773296578446
4620,26.375236282916056,1.3803676262704063,27.9889992749512,28.132946663246116,29.416512243511946,31.04912973837512
4640,26.500006952199872,1.4942759296220705,28.112201088735432,28.26095459739791,29.536907568947157,31.174653082624907
4660,26.623067609979223,1.5197475019704023,28.240330283568206,28.389016288126225,29.660983890634604,31.302518175371205
4680,26.75052061151726,1.5363024878263183,28.363923637868055,28.50875870659726,29.791983920600387,31.427270463900953
4700,26.87099596622557,1.5143306794157008,28.48509238117063,28.63327787619844,29.92220713560622,31.55567348376877
4720,26.99442845553605,1.4055666414164183,28.60202751894451,28.756583493339253,30.05396537844883,31.690291980280435
4740,27.126194847035674,1.4333980120231238,28.72876051035691,28.888925131244477,30.182424566409992,31.82832733059697
4760,27.251562366192083,1.5192474437418024,28.854468111899433,29.0130420067737,30.30045593594553,31.94354301396914
4780,27.375133326379032,1.5891233606124155,28.980839800607065,29.134720100592762,30.428665031829226,32.069610605207494
4800,27.502913023358534,1.405910906916266,29.097411705188847,29.255624144539457,30.5667509648299,32.20058044569409
4820,27.623191496631254,1.458207814809691,29.21927883850542,29.38009294262467,30.691454037003417,32.331735930375004
4840,27.751320139174783,1.3972617737940194,29.345429163863212,29.515051129089628,30.82623431232058,32.4718146063334
4860,27.874178849650967,1.532341079292386,29.469961956782633,29.63373638037836,30.940687237909536,32.591613652026716
4880,27.995830913472524,1.5739222731359084,29.59784165665194,29.758379017475505,31.067893436097712,32.71557141465879
4900,28.123130154083466,1.409478881379236,29.71309835088121,29.87766096791855,31.207211585242675,32.846185322447944
4920,28.242804256592642,1.44508695162273,29.83549358433417,30.002532277867495,31.334587333903173,32.97695075971301
4940,28.369326319115675,1.3977254785862347,29.961484975250116,30.13592441826473,31.46837874592842,33.1160171202636
4960,28.492438398139523,1.5340533719592022,30.085841148347917,30.255198475248214,31.584224711695498,33.23430992887226
4980,28.61597191367452,1.588669906987516,30.213875380120847,30.37822198913473,31.71232443552055,33.36007316981541
5000,28.746116932364462,1.4162890979287315,30.329138284810007,30.49791767752003,31.850132335719806,33.492914071454905
5020,28.86861028702502,1.456818563914651,30.451582507123753,30.622611449439233,31.97511604465921,33.62357527768019
5040,28.990225883563575,1.4476876389701512,30.5739406834686,30.75263993289873,32.1050336610259,33.75482318471154
5060,29.113532679478034,1.5430521838603923,30.70062302848266,30.874249115039845,32.22627441373665,33.87847490440144
5080,29.247478542764703,1.5619376081360903,30.82540372067953,30.99694606846994,32.35782530759941,34.004566596662954
5100,29.383710183640872,1.4648679450778692,30.944804214927927,31.1204132882078,32.493349882875,34.136870547766755
5120,29.513078761006668,1.4568548857667043,31.06397006451307,31.24577643409642,32.62035902559212,34.269921514080956
5140,29.653705369259256,1.3648632122679563,31.192053014465856,31.385587690947396,32.75972322612582,34.41461139895089
5160,29.777447058122874,1.4730405990583362,31.31244320484584,31.50454743951721,32.8731843144493,34.525184969685
5180,29.901665357381574,1.5719947228314686,31.438180542695648,31.633816120187788,33.00509594518128,34.65605403268295
5200,30.023861050565735,1.4159021863216945,31.558402992268718,31.754008410792096,33.14264554363923,34.78744105461131
5220,30.144122521624112,1.3728486832253104,31.681598597222738,31.88293680515382,33.27572958386712,34.9240152597197
5240,30.257157256361182,1.4503339543108553,31.80502873158939,32.01196434737341,33.394723558551206,35.05396216391995
5260,30.37065551703467,1.5015222762318676,31.932548925741756,32.138681310932014,33.51856171839298,35.180958441458294
5280,30.486385886353723,1.5248943534809645,32.05610080170014,32.25692408073052,33.64652264803221,35.29986868386317
5300,30.61267561084378,1.4533927192762506,32.18102385433268,32.37980795159223,33.78453003069506,35.430907505924075
5320,30.73780598415243,1.430435680602941,32.29501487349137,32.50379383609164,33.910813122454584,35.56233961054624
5340,30.86464590241512,1.4843675764742796,32.41834421650399,32.633353472020865,34.035245821638895,35.69429118442841
5360,30.991500031318616,1.5209298585236266,32.54607496777631,32.760123151003775,34.15588414475895,35.81846284132937
5380,31.124119676366924,1.5586419757479542,32.669025173010034,32.88284572048066,34.28532719946219,35.94445559773163
5400,31.248468208787365,1.489851390131408,32.79046810106596,33.00624226511686,34.41380359031749,36.07232983722978
5420,31.378465662528868,1.3591872828385085,32.90963813502101,33.13422014674125,34.55107795436528,36.20928832418469
5440,31.507848786404622,1.456874471691924,33.03625887614212,33.26699550417269,34.67477202673722,36.34236980973568
5460,31.630366743921904,1.521304423571394,33.16244768548101,33.393745063227286,34.79471836477715,36.46337553305319
5480,31.752763064911527,1.5840509035462038,33.2869597573401,33.516000277395534,34.92117523793222,36.58835526397194
5500,31.88031086856821,1.4216847400945505,33.40516956611684,33.63840881434128,35.056954170118445,36.71938784891901
5520,31.999233764723357,1.431559410607011,33.526699162856445,33.76329699216823,35.18049233435577,36.85057980913689
5540,32.11881863819421,1.4552623749547824,33.64974967890941,33.89262344257356,35.30575689397065,36.98170116048096
5560,32.24024281097745,1.5289327302966758,33.77660336514079,34.01889499535179,35.42771415652626,37.10365779613766
5580,32.36294014652719,1.573194844479224,33.90149508741983,34.139165789164345,35.55560199173861,37.22743813344368
5600,32.49352608502925,1.4336986076737577,34.019117065960565,34.26163132552829,35.69270241002097,37.358607891319956
5620,32.62353468803213,1.399551913019127,34.14306325725071,34.39083755053295,35.823875805690484,37.494794381488255
5640,32.751806529743355,1.4362836732394118,34.269220698249455,34.52460135363849,35.94991796260554,37.630594510779034
5660,32.876210109158066,1.5193677494161175,34.39423813483847,34.64835958643488,36.06800279418276,37.75061339688009
5680,33.00299600922658,1.58972700096275,34.52061020840314,34.76996869067629,36.196344971715064,37.8737387930036
5700,33.136654650812105,1.4300500992711265,34.63769337238376,34.8918277141213,36.33427520352896,38.00467471242981
5720,33.268337620436405,1.407474983906699,34.761575462873694,35.02137444567189,36.464912730217556,38.14050640157023
5740,33.39172958700047,1.473116642744082,34.88403897502595,35.151250537461934,36.584397523035626,38.26926022997866
5760,33.51360016571979,1.5171413628429264,35.01167641072466,35.279148853294316,36.70763324596242,38.39449333810579
5780,33.642544404567026,1.534233664894694,35.13699340810371,35.39891079399953,36.838256442643406,38.5190153344623
5800,33.76459356487632,1.509455832727004,35.25777550078878,35.52233172485557,36.967973284709906,38.64837643569343
5820,34.15309052096712,0.6541019154295519,35.44558563329498,35.70526163787901,36.99246213543566,38.86376016150056
5840,34.19712291252389,0.4248563244256047,35.63166513133008,35.93675729149762,37.092207665566185,38.65968017299135
5860,34.2771838414883,0.38387871234292253,35.87733000964015,35.90898411711559,37.238444037400846,38.718500492119055
5880,34.33765548551204,0.42332463577169294,36.10847624152812,36.0817688397775,37.43960632098929,39.04639723744903
5900,34.49504089221898,0.17790992316292134,36.039428505058076,36.324276011529136,37.439175647047726,39.082944625701955
5920,34.509207192159636,0.21955923181473053,36.04518592400652,36.34791256561416,37.67118378647666,39.055745846111286
5940,34.58190050201115,0.6915935813047166,36.270993965676304,36.57956573468485,37.72666868426683,39.11177244488238
5960,34.76632267362899,0.7315582053557668,36.48951949559734,36.557600446066985,37.924609777132346,39.31193519931261
5980,34.849155304041034,0.4542679237159681,36.7318970255556,36.75823311481611,38.13851373316478,39.643213336384605
6000,35.03369086836516,0.4227179726516078,36.664426651941234,36.95884268109667,38.27444724046672,39.704192746648836
6020,35.05482966898166,0.3304989341352067,36.71447023178167,37.042566016972856,38.51390831330594,39.892596024248455
6040,35.09175774491185,0.7812377542129731,36.87965714835956,37.13281545644726,38.54452177556686,39.92664742993969
6060,35.25493354635566,0.8933605352769785,37.08664021125213,37.14140710745725,38.758209710352055,40.15005030763417
6080,35.44593716105276,0.4168299455523871,37.32115574199983,37.30728835183219,38.943561999754834,40.4921970419367
6100,35.5516097355764,0.4140161989253902,37.5455541555353,37.534141055839584,38.999288326932465,40.53218208259373
6120,35.789451271925124,0.6375963159463577,37.566358289329536,37.566754709511,39.09937000658516,40.44596476349691
6140,35.88627385912393,0.7801764261469352,37.78891482816054,37.806078577921625,39.35885110244926,40.5868416876938
6160,35.9562803351624,1.1636037851546928,37.8776266336896,37.90805570467205,39.47239531889886,40.69803517705754
6180,36.2852770946844,0.5236824534815212,38.10504157410147,38.23471961529243,39.675323315721364,41.00784709570906
6200,36.43212195563952,0.2955147826924751,38.34468761286201,38.40416817637832,39.688112935800895,41.059253060908134
6220,36.506519184229724,0.6000915442180955,38.36375335238327,38.454655802155706,39.78270906088865,41.051994930416235
6240,36.67294915150442,0.8300795534726543,38.57861763373478,38.65474185250292,39.95811722436813,41.118995709753264
6260,36.90728035852952,0.5588934949962587,38.78576295435275,38.66745988791065,40.13600794162874,41.33091605826127
6280,36.98597565172083,0.36585826394578513,39.022249535360416,38.886470262627384,40.34470432584271,41.66521844927021
6300,37.196908616384825,0.3367234801195969,38.86483223463608,39.12137761739414,40.33736647306445,41.692578283515
6320,37.215663606814736,0.12528654843826553,38.79955072057359,39.16599644540035,40.54656724084112,41.61105042182696
6340,37.33649401868525,0.8825241566376327,39.013032308542336,39.417039903091315,40.623010276120866,41.706829208432694
6360,37.51631031151568,0.5124482619299663,39.23394680035088,39.37244738433238,40.79044133705627,41.87002483322877
6380,37.52954297995298,0.4060706204199433,39.4692349671302,39.532980098634546,41.02476875901234,42.02408961384418
6400,37.60553519207059,0.7774398289620098,39.527885875426286,39.62653817366681,41.25088175647593,42.24818604997925
6420,37.84156197115546,0.2473336642834359,39.78824872005342,39.81007573330036,41.25366829124402,42.484960506324676
6440,37.95135477406329,0.4535591143705683,39.84800054337337,39.92256782220097,41.28078787646043,42.42419615758715
6460,38.29207069340227,0.34594757622917194,40.08927061510067,40.16244953179124,41.46614006573094,42.603527193888084
6480,38.31578997301014,0.5890980979659917,40.299482878419035,40.313790828020906,41.61971784529696,42.6748537981635
6500,38.47762356571266,0.33100354235599844,40.15665100030542,40.4779828041457,41.84454738163444,42.878757733615366
6520,38.49793724066092,0.37840630652926477,40.12608008217449,40.54993888091701,42.09287885675143,43.068510645416815
6540,38.50701470145417,0.7338234016280359,40.3384224248433,40.673027907337215,42.11889463572327,43.1079314686563
6560,38.75041831500095,0.5551775550677143,40.55948130652337,40.635495296605605,42.34474032849642,43.33886452499914
6580,38.79397120332063,0.19753610080281864,40.80038355998763,40.64258413327716,42.547810792115875,43.75895208333989
6600,38.818927179817855,0.4258090915503067,40.655696728160336,40.75583842112541,42.366766919844274,43.76113154863107
6620,38.839013644572596,0.2607692937370062,40.67701529922533,40.76848921352499,42.53464016791749,43.68817267341956
6640,38.98561199895768,0.5574263520311439,40.887641518126436,40.9570919523694,42.65404973302223,43.86222755051489
6660,39.037817973786495,0.8158745976556665,41.082280113100495,41.05992276118732,42.747808390663494,43.94436365986494
6680,39.22331610246157,0.1718535760388316,40.8918116437345,41.38989976056807,42.94841445367291,44.326748920467914
6700,39.332581622136885,0.23968186310325496,41.13668306763508,41.2016690744617,42.945478966037754,44.34040664977581
6720,39.33931479572638,0.5290311998437786,41.1469786363492,41.17593008017619,43.00120396719129,44.303650285269256
6740,39.35716894673253,0.25696175809580574,41.37713887539057,40.97914331481344,43.109339452393684,44.536735480785744
6760,39.44257169456065,0.5383682682309828,41.64237558803192,41.19209927132751,43.19155578002373,44.6863628561445
6780,39.59322546064662,0.25534135088560744,41.522294117195756,41.10517192372932,43.03719391677981,44.536500169551125
6800,39.66155431683064,0.16725179977673305,41.868924161591195,41.425390669605655,43.22870853126797,44.56064907806382
6820,39.73653025440099,0.4467631028165588,41.721919961612535,41.44553172528635,43.40074447521353,44.80371020565153
6840,39.753976047709166,0.12001880075818498,41.64662097869927,41.682246407359074,43.62854993919377,44.94841984186087
6860,39.833172385282346,0.6572687408338895,41.88949205153419,41.706187964153855,43.649211494522916,45.06006334301408
6880,39.90064253937894,0.2541330113447498,41.641120475483845,41.97550012727441,43.87355059222464,45.37599500774622
6900,39.94182902123628,0.18309176027957574,41.87973578794836,41.96391039081737,43.83867382637048,45.42680422801979
6920,39.97068222366289,0.5289552452148824,41.9208082702877,41.96779472144294,43.94493111068065,45.26551527961986
6940,40.260596559736186,0.40718372861396085,42.12600980857515,42.08301623923509,44.05049472143162,45.47607786865076
6960,40.27299530868596,0.7142308982358225,42.329585495526835,42.248905194386396,44.17815567570279,45.59414867477193
6980,40.44881834250736,0.11278263204021499,42.09773187574675,42.334583674585645,44.232046479262586,45.59782084039309
7000,40.487036697613654,0.14875346550503193,42.334775292706595,42.576053240358455,44.42505575875907,45.597463140561835
7020,40.525065796909836,0.5907032082003162,42.351025956194974,42.58304579906367,44.47455782126182,45.8071345171146
7040,40.782919081678635,0.3547963712101733,42.54240414156803,42.801158094006205,44.758830388724846,46.04495780941242
7060,40.88640821702595,0.3641754670904431,42.57346361846397,42.827274855326095,44.79123765758283,46.07573660783842
7080,41.00475532260383,0.24376116528722683,42.81167892050637,43.07446189074668,45.01836732787002,46.53268332673893
7100,41.14155891239281,0.1857213335340437,43.050348917726595,43.08191607275047,44.79132096150744,46.525704459523304
7120,41.16444598948194,0.3606514542000267,43.09853775062145,43.08474061496677,44.96966118056824,46.3830614150265
7140,41.344667837469906,0.19542217019272246,43.26641521193845,43.196921674420445,45.196065695285014,46.60952993586597
7160,41.35676354256148,0.19425236777107946,43.11023303059016,43.421926503010525,45.21952844674575,46.837168277761535
7180,41.394220831122034,0.11721456194741357,43.02089024352771,43.433665659449574,45.22518993719468,46.72595119959085
7200,41.41405438441539,0.12567637661709452,43.17044567225155,43.53937458465049,45.42493908528494,46.72411794484699
7220,41.44036117219049,0.5524340630402905,43.15774077604625,43.51479205001181,45.52314534437254,46.95140991758545
7240,41.45215680307093,0.9449566360638597,43.27962621123069,43.6224278639198,45.6356602580663,47.01329833229088
7260,41.61956878224751,0.6804628141392612,43.4051663396421,43.64990166391416,45.73184929711006,47.1846194696127
7280,41.81922219311651,0.21030071167925848,43.646655952423956,43.837143880125026,45.90316401028258,47.515542523366676
7300,41.925728598920095,0.4536207414714825,43.870950025988016,44.044153855355255,45.66758156747014,47.51398004636332
7320,42.202769352348376,0.34242343127954467,44.04918332708738,44.07732588462793,45.86745063266713,47.37097420656572
7340,42.2306928689947,0.1665171296834095,44.12947872330692,44.09309117528096,46.10731795655018,47.606140184904106
7360,42.24846482987587,0.34717574748049257,44.161886921905314,44.304782026006094,46.13876744182497,47.81786129568883
7380,42.48982818199009,0.1134432911166052,44.40447373168687,44.33761118776918,46.14936865313502,47.74303018936282
7400,42.53158138072941,0.22102279590162904,44.6331620190919,44.43952392564659,46.36513613839035,47.740886720261436
7420,42.66782593477889,0.3832030596959881,44.53639456126006,44.45179669151989,46.60126994716972,47.98071644677712
7440,42.68555162023139,0.24104744660082714,44.36148200175481,44.68272470797581,46.600227492065514,48.18404227353796
7460,42.70766668650737,0.18250663258492147,44.37403769622168,44.69980526153864,46.61038788169336,48.116090458733396
7480,42.78356962482646,0.5044490462957102,44.572792972162105,44.84083685634465,46.81338702571648,48.16690904618878
7500,42.84792222621655,0.8493190192501426,44.62609164992437,44.84806440521244,46.94478224666244,48.329238218844885
7520,43.03338488196006,0.6357548238431077,44.81455834265547,45.0275089432718,46.937871951898686,48.541906139098224
7540,43.30681061191967,0.5280049271108368,45.04317166196778,45.2513892240465,47.008071117038,48.61633817579326
7560,43.34370449505111,0.34789972668318303,45.27557190238612,45.266511754397754,47.17000147460179,48.6415126846823
7580,43.40933741988694,0.6575591004632215,45.19178806980852,45.36064106616464,47.40214648807199,48.89022382506853
7600,43.426197634962506,0.4207376237817041,45.15663022761927,45.50932135731404,47.64077235739091,49.1053306501206
7620,43.85533302158912,0.25989402344478474,45.39720291996671,45.75121828771148,47.62671201001956,49.349869381629894
7640,43.87670383769033,0.4080543990904456,45.33930127794506,45.7512764452979,47.75956512034354,49.182139134220556
7660,43.89622553309161,0.4041772270526948,45.5258202294655,45.921327658054814,47.82578970271565,49.38105182998837
7680,43.926445088488144,0.5474093681433819,45.70944405398667,46.1000234438497,47.96553931126953,49.59133352420061
7700,44.082907094108215,0.32685903251789067,45.756134445508785,46.11334068326192,48.12694043503101,49.66010882277943
7720,44.17202825930141,0.5158524526518851,45.82572695667834,46.128953845734756,48.261183671919106,49.89554337676884
7740,44.26223311762593,0.5077444297267778,45.98879575609274,46.29431807440908,48.320192693369385,49.99540155228063
7760,44.61344833643918,0.3130701347232487,46.22947497519216,46.50860451888529,48.488760573374236,50.233897437994315
7780,44.79052433578755,0.19046621376019407,46.47363205942235,46.75064272263396,48.44326745147843,50.116396777683256
7800,44.897802760338415,0.17445416190627544,46.715338715600105,46.76730349751379,48.67730087204926,50.1155142827331
7820,44.975527119913686,0.3082933808768785,46.62793346309253,46.77978926776427,48.92100550996756,50.35760944591532
7840,44.98890368101389,0.2135229421129082,46.59841974224854,47.033209681398276,49.14508656136016,50.5593103395171
7860,45.05714173370562,0.3159524176015297,46.71410169999824,47.08589045488063,49.15896600711197,50.76560629109771
7880,45.35431976109024,0.12219790119887726,46.92769964926206,47.24419390500852,49.15953805324106,50.70715178204327
7900,45.391479625171556,0.23519093572480992,47.1561317325674,47.44564602681544,49.36376305949217,50.70521322782089
7920,45.52175255299985,0.6961756177054543,47.18526646927603,47.45992703237699,49.43048354706907,50.92238566434712
7940,45.57728741696316,0.6027438171590513,47.30945796718751,47.647953076952376,49.61992612638402,51.100727364266454
7960,45.741766261214885,0.5693380217222261,47.234118490437275,47.65984769860539,49.683766114068234,51.267379462934805
7980,45.916575798802185,0.3702339641821234,47.421522603897365,47.87198070318012,49.90128234088962,51.619747556319034
8000,46.00192500529393,0.3619366375725329,47.616385216561454,48.06822442791186,49.66730911197474,51.604357163517875
8020,46.17959573582853,0.196194254905668,47.736350904000105,48.106298527903796,49.87403730909465,51.46353892396145
8040,46.201190849906794,0.2884360264208068,47.78883625149985,48.09576826097266,49.895038615039795,51.69250369575863
8060,46.29954498384165,0.33982556794414637,48.02669137093337,48.191009793534185,49.922508938014936,51.71748719794237
8080,46.37247084424117,0.5066075193250535,48.004078019545666,48.35500041632842,50.15125429393241,51.73073010716608
8100,46.383252412050645,0.4693864392963025,47.947656795850705,48.384516739844784,50.38216755274055,51.957211620759395
8120,46.403851199815605,0.6683098380899131,48.07342822496445,48.52361960617605,50.544470264971146,52.13313811942247
8140,46.46621334166537,0.7701133886546095,48.112829813360186,48.56495780612141,50.63255253109306,52.218506988027364
8160,46.71144505305511,0.3808604424564735,48.24099064561195,48.69005254960696,50.7847009352749,52.564463646437396
8180,46.73674928945202,0.2506490181854233,48.22883528018118,48.641891779002904,50.75382396970684,52.49610449428269
8200,46.810086510136934,0.29436692010603815,48.43742462302485,48.874142755831876,50.96592886301109,52.49611590270635
8220,46.96507765898342,0.6979867930155983,48.46038426676216,48.87364683164554,51.07776081386934,52.688270611890125
8240,47.13782938079584,0.4140517984524964,48.67913724783208,49.11272697716614,51.09984786075423,52.91798308786428
8260,47.24497753478243,0.19338096339920918,48.68585298673335,49.10251851324091,51.06209908224244,52.74192294943847
8280,47.283615000275695,0.3338490968410051,48.89678485155511,49.27749792203284,51.27560494035601,52.76648466632627
8300,47.33503668772387,0.944981447230916,48.91505269106407,49.28940039888392,51.37420981073961,52.93273463505904
8320,47.64017093485775,0.14929661495773777,49.27600471857101,49.43880223728124,51.36312021759696,53.08746007445418
8340,47.658920967234025,0.36194954126070455,49.292341926357004,49.342333975247314,51.45990108214496,52.999588041797175
8360,47.68821844242109,0.2064775220863611,49.492877212568274,49.53879928196045,51.54548497818924,53.234192273679355
8380,47.71490708340215,0.119019975548416,49.37720042339883,49.74846974208566,51.427481941707356,53.16794118978576
8400,47.76922277377941,0.3415702360091387,49.594996870114954,49.937084812864576,51.66248457500781,53.16855835738717
8420,47.92375428031699,0.7970226541505937,49.62595300992678,49.96023395337356,51.71562742859872,53.35062124369353
8440,48.04061608191452,0.9111870092122343,49.80373530472993,50.10863302944364,51.86879349190203,53.544017695524836
8460,48.22580570230166,0.2952919123060093,50.02768289587705,50.112232081463816,51.980529262118694,53.801950558592985
8480,48.26403001969452,0.44836331438153465,50.24998904420065,50.21339027129799,51.97106082970095,53.998729888547146
8500,48.41598407512382,0.43550612303634767,50.12083322085953,50.25245011051087,52.21173299520899,54.08118084243036
8520,48.43290093677813,0.19206792997885874,49.952035239550234,50.42722793496488,52.2296808519335,54.3248695246379
8540,48.673740779741074,0.39942974508029483,50.14010691698894,50.65281678268625,52.394446058915214,54.062205860426836
8560,48.69640561440263,0.4986658387106475,50.26745629241884,50.652173319024826,52.48583137729611,54.17408574002884
8580,48.707777325468086,0.5821797898745705,50.3798427832654,50.73479597704323,52.68760773279403,54.44192899600698
8600,48.71634644935716,0.6824240603019807,50.419293693686285,50.765274981293395,52.75150696166393,54.523043371522505
8620,48.848806262468266,0.5095756006589001,50.45542063434458,50.79691939503885,52.78195097379759,54.7485983698667
8640,48.99416959867587,0.3587554357568885,50.59327275829607,50.90974058120857,52.8002739696586,54.59671891358163
8660,49.22782696680578,0.37406303854463785,50.83078112330459,51.10115912480466,53.0116673605483,54.80494181505536
8680,49.27942597546859,0.5181379773498278,51.039414493094675,51.29737041817578,53.07738573288235,55.00422222889173
8700,49.476201304700446,0.3377764323619906,50.90752186741509,51.35134086612487,53.314501643587654,55.08127346367388
8720,49.488308669934064,0.2971368338725776,50.82101328446791,51.38164302115406,53.55550896062045,55.32384577714114
8740,49.754945660746884,0.5685976656471243,51.038305489511814,51.615449112443656,53.50881305356164,55.567089810556
8760,49.855622994398935,0.23865942740770082,51.25559966116119,51.6277669756495,53.336028481161186,55.30608821221511
8780,49.87258905853391,0.2979597027096102,51.49547860384988,51.84167431446679,53.406569671373745,55.10781815612197
8800,49.9602084396954,0.09430667007419657,51.56167675331356,51.85657715514188,53.63315047414237,55.10834826934853
8820,49.969463952833955,0.407342016149083,51.57102425985879,51.860567098665776,53.82686215754854,55.33136547881519
8840,50.07309540633262,0.24191803408248683,51.74540518321634,51.96803033782636,53.86839419625309,55.51894377462829
8860,50.135935031412096,0.5264428999852341,51.8510551238483,52.16090144545928,53.887357282469694,55.72290696511643
8880,50.15794089899615,0.5029178337499716,51.82057402435848,52.19822648169537,54.10262521613084,55.7720590427132
8900,50.24559151632432,0.49702410388720236,52.01115284036483,52.358779015924924,54.30286817765603,55.9828345343488
8920,50.34444139550358,0.9580557311819943,52.03408961057042,52.36416180332413,54.37695333807347,56.094187016584556
8940,50.562438840298796,0.49487357368458024,52.159539783259355,52.47585685682852,54.45999801003978,56.3352661171601
8960,50.71760827780542,0.2568703902697895,52.39507837191917,52.626010641733956,54.22457364676743,56.049735603704164
8980,50.96252080136503,0.5778305873077135,52.638337035662104,52.85547120977863,54.44307431300335,56.210541200419186
9000,51.04229063160165,0.38065845040071233,52.79350166860914,52.85994537236504,54.63587979835436,56.33561416861262
9020,51.06477386727917,0.24273133480858142,52.79673789713712,52.86794991708221,54.66006856782203,56.57563928424148
9040,51.08570507386938,0.2676607449855032,52.680028232379065,52.98712206631554,54.886331975464735,56.38308797311598
9060,51.14873633978803,0.5350646444720428,52.80300971765066,53.18743378899445,54.914365664675074,56.44402780620024
9080,51.17588786508705,0.9689030428862642,52.874432974955646,53.275147988400136,55.097566552431616,56.65906374534834
9100,51.39807229278739,0.3706778261696833,52.992376870739726,53.37778419628429,55.24803463300017,56.735292597331195
9120,51.482111519072845,0.44524876709016903,52.97664573412425,53.33788029200231,55.45072160301087,56.97016415190387
9140,51.531037014119406,0.5297431770601125,53.14656565397322,53.44035748004377,55.39021298091321,57.20598274411583
9160,51.74212851065545,0.25035642647156275,53.397446196047824,53.563435918367205,55.242709346695264,57.01555868977067
9180,51.78984419243147,0.34870472511688533,53.62497307118443,53.71135448798005,55.43423309573005,57.035035730049145
9200,51.90473328331324,0.506960461055441,53.52192944249061,53.75176370054028,55.65964558084229,57.26736288892096
9220,51.924001577059485,0.20998095501962383,53.4130584557653,53.931311138826985,55.675832490858355,57.500545366526616
9240,52.21429608744504,0.44384217802867054,53.595557006236554,54.14752899912617,55.83429796321911,57.449871033921966
9260,52.291189222358156,0.5185921418825943,53.64818018496691,54.137053887388554,55.929421878639054,57.56188185211129
9280,52.30173708149105,0.561243102594152,53.7434928869692,54.23286787322105,56.081417962376094,57.81091309400166
9300,52.30570169955392,0.717090740076715,53.786709971483155,54.27876369684686,56.19122544276666,57.89189464738069
9320,52.32474242464936,0.3074610612657847,53.85774044242974,54.347128655647744,56.41467182181974,58.075286292499975
9340,52.41902462016404,0.5589244233101337,53.79537904179342,54.31189694694408,56.340948110034724,58.31810258773376
9360,52.4417769170982,0.22153762603905242,53.64622611720095,54.20616843941594,56.21097188984925,58.026252790168975
9380,52.46611457162925,0.31899171413860705,53.60360415191831,54.181991204335084,56.29819790098884,58.2474259785435
9400,52.47786075344184,0.4920174234113383,53.73315938868283,54.29759943485206,56.47430173588641,58.29952595714809
9420,52.74121128870213,0.4334148201686034,53.84280759045479,54.412902060116664,56.62519670012134,58.50215569977208
9440,52.76540131767502,0.30411230890062846,54.037546503566176,54.57127512451132,56.665805174561484,58.2697285027463
9460,52.81483352361839,0.23690694244355556,54.27805383885945,54.59480881911898,56.80639762503258,58.50518465805424
9480,52.84765851474119,0.12225372322626434,54.44376422378615,54.727535193514846,56.59798530992512,58.43384507131905
9500,52.93979661433126,0.34522849967080976,54.676628154473825,54.94706212289967,56.82186737031286,58.43527412105576
9520,53.22055282254136,0.28009050027040316,54.88300437744035,54.97809024470735,56.81652789940356,58.6798776188659
9540,53.24426263610751,0.14478064180811787,54.90372039281988,54.992580492829504,57.05127907848425,58.92452601569814
9560,53.257366578831416,0.3342100312655054,54.82232075966901,55.163158828549925,57.0609202225056,59.127228959399886
9580,53.48976752069364,0.27849709797060457,54.89877884587232,55.39112942055105,57.07118936497146,58.89154338633204
9600,53.53677972650543,0.11298715498761014,54.98032930674956,55.40240585740175,57.30845997205881,58.93286091001313
9620,53.544382718354626,0.48108639840614015,54.999482397014596,55.40707857770026,57.484788721088606,59.13471285544411
9640,53.60604930340208,0.48153766277968196,55.162754005745455,55.57232901386082,57.48973607218114,59.364661038437006
9660,53.76607048209663,0.21577513503936657,55.23636025414695,55.69173732821389,57.495729404588175,59.249192545402195
9680,53.890621655460926,0.502746923229318,55.31225489620189,55.864085419971936,57.7110792394935,59.379180264814096
9700,53.97876177371408,0.6776580279244623,55.33407970542553,55.875300343110794,57.87851901552497,59.485224676294216
9720,54.25774023853625,0.2548112388388973,55.62318440632008,56.09643075471881,58.10848072287985,59.72520865280785
9740,54.29921511751075,0.2932021076810639,55.62930862327231,56.039387453406256,58.10098018244554,59.91455639808613
9760,54.338923829691886,0.29427216082002206,55.873784564202445,56.26010724970249,58.10597903636092,59.73207219459499
9780,54.74267920191103,0.09809644820212024,56.121918405767495,56.50447376650161,58.2830922809928,59.98911247300878
9800,54.7494423234604,0.4000638437009843,56.322620108764866,56.6969022470862,58.08265605261792,59.98885147597909
9820,54.799763002256604,0.5529161891456436,56.37649044241021,56.74983271693586,58.16035849820706,60.03847138422761
9840,55.09176203086814,0.32981336882395373,56.585578729608905,56.98387538993089,58.54006014562016,60.26809148488744
9860,55.15308653368565,0.7862088442287949,56.51840196136055,57.1259384714877,58.55538772368122,60.32145446501831
9880,55.167749394014365,0.736867007889871,56.61887593283207,57.23009971670743,58.784271140612105,60.52588484368192
9900,55.18805995079258,0.5144310512554566,56.85785245005602,57.32385021381015,58.983025598272974,60.73415396192897
9920,55.23936239123753,1.024638023719269,56.929338627442924,57.327138817253655,59.092943310038315,60.88064831119542
9940,55.39684394143657,0.5715857268883774,57.116017092860695,57.317782453381106,59.13367105771952,61.11454306021246
9960,55.64644123659144,0.17408070404775994,57.35865838355478,57.5472472199086,59.03479533408762,60.893109134935024
9980,55.794168430951345,0.5424409630208198,57.601825110402146,57.78646236316149,59.265968368093624,60.977486790879745
10000,55.89999641333135,0.4102565546132597,57.77105753776026,57.79587780197722,59.47362461601714,61.14063098045949
