time step,failed agent x-position,formation velocity,other agent x-positions,Unnamed: 4,Unnamed: 5,Unnamed: 6
0.0,-2.0,0.0,-3.0606601717798214,-2.0000000000000004,-3.060660171779822,-2.000000000000001
20.0,-1.8909553410651525,0.24747362356087002,-3.16407143497931,-1.8194868681666982,-3.1355272813894333,-1.9060686533251858
40.0,-1.7709673591180681,0.41303907200317774,-3.2748723038815455,-1.7139850410704232,-3.2558053859041203,-1.7853404643295208
60.0,-1.5629012169686523,0.36829909866713473,-3.0850033495520486,-1.526407438824247,-3.02696619480024,-1.6126559625104349
80.0,-1.3941666837128703,0.7392912880003935,-2.9302227819744306,-1.3997137486137867,-2.885995074620385,-1.4292101220643723
100.0,-1.2162008521157586,0.6632749078097417,-2.7552682538791644,-1.2788903021023945,-2.7550685892632854,-1.266355458988882
120.0,-1.0104331862596405,0.40054652905051047,-2.60485384435704,-1.0949707386005398,-2.5516936646545023,-1.0381888459164428
140.0,-0.8952085476222355,0.7142697871510492,-2.5218979392111693,-0.9814740202486268,-2.319264183276441,-0.9152684851866087
160.0,-0.6976852231864238,0.6852139240151356,-2.310347758431745,-0.8153887214958703,-2.1697100299970145,-0.7158475930366468
180.0,-0.49672882865310974,0.5442743720152883,-2.1089312251507986,-0.6371076602971212,-1.9917738177040831,-0.5359612246880554
200.0,-0.30180089192101767,0.6668299698135358,-1.9159904658061049,-0.48457295009672186,-1.8712786658779563,-0.34548454786669225
220.0,-0.1068199855579329,0.6093797106939816,-1.7313215877265726,-0.32716815963720597,-1.6937348695555066,-0.14654783576135846
240.0,0.037382055442486,0.5240414336246249,-1.6045979225165758,-0.2116072814191424,-1.5414896568207248,0.005909933034764103
260.0,0.21245624687219222,0.5780911653726127,-1.433036929867986,-0.04933305845502798,-1.317294920222613,0.15668706629323786
280.0,0.37493451483828,0.6678469102280816,-1.2426305355014367,0.07705910091770359,-1.1575037306618516,0.3359712363555304
300.0,0.5615695644881502,0.6266755758586384,-1.0696324822988643,0.26064601046136426,-1.05687876000803,0.5219190336640781
320.0,0.7386025951301186,0.553260172813412,-0.8605267415641216,0.4401859822420963,-0.8386715354798252,0.7117036681131117
340.0,0.8828880740529883,0.5329277718347,-0.7254870159684185,0.582404897166832,-0.6404201038944399,0.8501820537931595
360.0,1.0743740019108463,0.7286461168926569,-0.5475948199607621,0.7315181629758434,-0.5460424158010869,1.0235106418702329
380.0,1.2785666940951868,0.6087066140698016,-0.3466158707032202,0.8942535958805994,-0.31514889092795983,1.2100764121814493
400.0,1.4540402056481874,0.7178315479104661,-0.1834855347257757,1.0475820214102658,-0.18921245951164586,1.3842094447045141
420.0,1.6209345060539533,0.7940077113450792,0.001708485904330398,1.2035549752479509,-0.03203530246996509,1.5554672104874372
440.0,1.7809546742680333,0.7484454738737026,0.17303416917451295,1.3440841660570548,0.16711730746442433,1.7052076935198612
460.0,2.0007570419995995,0.5775819750499892,0.34296679095024346,1.5255929176374339,0.3543280018584718,1.8966734199374784
480.0,2.179621964913192,0.7322081858535501,0.47347404264846116,1.6751494981280985,0.4834659719689295,2.0540318386067735
500.0,2.340220438272067,0.6677684957493815,0.6628600612587092,1.842522835394805,0.6574375413725917,2.2407380664135546
520.0,2.409947807530233,0.531983005125908,0.7845742692118531,2.0197040497776686,0.848123572473577,2.4256346406654106
540.0,2.4082456031349073,0.5134933898612363,0.8859844764307334,2.17553716009397,1.0288115262121456,2.6035501016525915
560.0,2.4046621715105645,0.44946773665286816,0.9172963692628624,2.354154723447352,1.2013088005484702,2.791700855035287
580.0,2.401467320645972,0.4785454555170457,0.9651133961329528,2.494507245992426,1.3540283368445738,2.9646212339851856
600.0,2.3992835668010857,0.49475417626671075,1.076846873650419,2.6269128850383785,1.5512447450994238,3.149190564962035
620.0,2.396022141539043,0.37312845778465975,1.1259913044105998,2.791702008198453,1.7413944782668547,3.3476791534150956
640.0,2.393988498849957,0.5465198705502738,1.2688777821339192,2.9351287450944152,1.910537692451254,3.4668267629160097
660.0,2.392480005058073,0.5159257480746975,1.3035701958047459,3.0995422573376277,2.1253111041445343,3.6911716575255937
680.0,2.390758867558043,0.5570215271583344,1.4528482658790716,3.2321310774919767,2.2675802631961437,3.8514844667219092
700.0,2.389648468557035,0.5335628415844733,1.5567927443857286,3.3824742990288272,2.4292981450979343,4.054431639393805
720.0,2.387957709531146,0.4484274519079031,1.6418437233392766,3.541523754492247,2.6360146306713053,4.218488230264418
740.0,2.3871661580701926,0.4740664562304132,1.8360088311558058,3.7090279273620057,2.8087447513589625,4.391577504333519
760.0,2.386430952998139,0.5088840367387122,1.9697172066581685,3.8174335839935445,2.979499665175535,4.58578787109879
780.0,2.3861149708930625,0.497373723442281,2.1504471508286302,3.931989332067137,3.0883464162251397,4.7807273307812945
800.0,2.3858284668220895,0.6958501374635161,2.260933756630984,4.100684517701057,3.214385895748195,4.9107113707903665
820.0,2.3862577795249957,0.6362113442179733,2.354795075017695,4.2739263933658425,3.4348365491885944,5.091478257205509
840.0,2.3870220133706908,0.5806293076688962,2.5040340718361014,4.394264757973515,3.6044016807289116,5.2605095751490545
860.0,2.388081308826864,0.5317270072441851,2.646550874845152,4.5046407352186035,3.7788089054630083,5.475879059139233
880.0,2.3898738867075395,0.671504792503565,2.7891516088393415,4.603631317475708,3.8910473419640126,5.598151940099477
900.0,2.392022766966289,0.6005113750995023,2.937947075935153,4.752528212534643,4.048768246934631,5.760007404292565
920.0,2.393894024632204,0.62400122220068,3.0219286655307886,4.894320095125762,4.256831133703846,5.947472418435253
940.0,2.3970590319649228,0.5663892434498958,3.165169314199778,5.011494476507309,4.440298421454212,6.12191359768642
960.0,2.4016439545660697,0.48151388572138865,3.3161496517183067,5.150131616757665,4.641147670277449,6.342928692812814
980.0,2.405405437887022,0.5747466868599418,3.389073571932463,5.283920935163431,4.770824817629745,6.506093743202759
1000.0,2.4110658502760782,0.46088565359599,3.515171313242532,5.41618446635689,4.9666037129579115,6.694424309245517
1020.0,2.4178011687743917,0.4297931731842726,3.63077145002129,5.420907703499888,5.138704975689538,6.887864144756459
1040.0,2.4242952725784197,0.42438478502840854,3.7191068008673596,5.533502926328884,5.332076400009447,7.0872296934021985
1060.0,2.430525954771041,0.3460543474848978,3.8149969604339544,5.662926317145664,5.525367200850564,7.24056826050538
1080.0,2.43684419949869,0.50641961802186,3.953039161544731,5.742556739265389,5.664489212625808,7.425419714127003
1100.0,2.443294433920348,0.6315155420515588,4.0416778154706865,5.77375744495215,5.7636840068193695,7.543686690582139
1120.0,2.453387284382254,0.5124219427892042,4.157104593473075,5.91634134000771,5.9805880516620595,7.702453094108702
1140.0,2.4663630528460536,0.4520196403793292,4.286285711673915,6.009739718375707,6.181031300422637,7.896778541030133
1160.0,2.4861594590581975,0.52395171215328,4.337967869397871,6.071489201945392,6.285617512093874,8.103733270918571
1180.0,2.500581226774225,0.6222385685244098,4.42726613797174,6.142530730667865,6.428489150033505,8.13900793408698
1200.0,2.511267408640767,0.6509884491782655,4.472205289723124,6.219656959390726,6.564919178280493,8.26028537543753
1220.0,2.5279751864278732,0.5490720269300657,4.529958933238831,6.269320443369933,6.715239968212623,8.456842059472056
1240.0,2.563435368812866,0.3748112671945868,4.596353352773894,6.309108858088992,6.911030357098359,8.617152379518023
1260.0,2.60717091378219,0.4111464529673722,4.664147756354225,6.348323450488289,7.006221611482883,8.745261404997152
1280.0,2.6427909291252134,0.3454913256787843,4.725319947357213,6.336985495286134,7.151616788903453,8.845592100991212
1300.0,2.674579737678637,0.3236032606906627,4.7968733718742955,6.410245438127534,7.2741325682110425,8.953902643932748
1320.0,2.7270864117392195,0.304961559280562,4.814543326128762,6.509463912291531,7.406840562801703,9.02960097153377
1340.0,2.792014332713796,0.31289354464686764,4.894007705319937,6.534595901395244,7.498563469721394,9.117993295856762
1360.0,2.824787358485792,0.336000125914647,4.928340284059672,6.581612220599217,7.664569416372027,9.178066332072715
1380.0,2.8804944671358985,0.36111704978748355,5.021675808876371,6.625960497719366,7.783437429337536,9.344782194557357
1400.0,2.9190922211408816,0.27121313104417794,5.0249434361309175,6.791169437311938,7.838132068806779,9.4541570849785
1420.0,2.9523513500207383,0.22985415757570685,5.076533336892246,6.850709768984112,7.973757950450048,9.555549241879849
1440.0,3.011679966121055,0.3420044825638989,5.116897714851708,6.881056631804581,8.104247155155495,9.567215049392862
1460.0,3.0441265143680214,0.2999386399097773,5.117168838995762,6.996709353292408,8.224403032733118,9.734863423512149
1480.0,3.081307538870708,0.32953899286815863,5.143650793078136,7.020326787944347,8.304252978629032,9.795485634361992
1500.0,3.106623253981029,0.3298123425771713,5.170455167039952,7.08682066131099,8.461304153529142,9.871814957192427
1520.0,3.1488675724329456,0.25818976533202476,5.183678642813807,7.100433915566117,8.58821428291195,9.97329247408658
1540.0,3.1824477264232724,0.34963920534852055,5.239677636242463,7.170006119524713,8.70127080012622,10.09345095352052
1560.0,3.24238247511808,0.30274750602218375,5.277512863580432,7.190305378037566,8.76193157205839,10.197254419770394
1580.0,3.304581741634305,0.23757960511664628,5.389406420118996,7.222267022997274,8.854758236102082,10.281205007698183
1600.0,3.3326668381265288,0.2700909203877387,5.35199756897192,7.315424794411915,8.917486927447921,10.302733755784821
1620.0,3.3771056545899336,0.29373787816423025,5.404499030429141,7.378417235785631,9.027644880893568,10.411879103192522
1640.0,3.3982961555405984,0.2771280937792665,5.452834296409155,7.4716894466104975,9.13185858287704,10.49661556036602
1660.0,3.4295518265754366,0.3938243495064565,5.4924118691303905,7.452124426906171,9.24920405252441,10.588166951863935
1680.0,3.4764008531681214,0.32231653707609464,5.565746971411042,7.518433917962232,9.251122430087943,10.695399088385283
1700.0,3.517245646291202,0.2455852301428419,5.647177255269574,7.570259655684668,9.33699882951501,10.760072104141983
1720.0,3.5839506357120188,0.2746339375923088,5.640104666141046,7.60917611054724,9.345329216389851,10.76561888229752
1740.0,3.610413517395299,0.22981770191476092,5.64540294359419,7.621275404772429,9.427410546362164,10.861999522692752
1760.0,3.630254844790302,0.26767164924984327,5.622242685441034,7.7424422719011705,9.546061864018055,10.914906113636366
1780.0,3.6486606521474187,0.2982699144858447,5.691726414296481,7.710770886654582,9.554775148852745,11.014281367955611
1800.0,3.6937594979037236,0.23430456002975308,5.77689159662755,7.848885204468198,9.63955256950006,11.140320466667955
1820.0,3.734826603384002,0.3515588018153392,5.801144832235518,7.807696254436548,9.716564234305176,11.095650347630182
1840.0,3.77876230151922,0.23610900586286648,5.794488857784332,7.850769934669413,9.75849374335736,11.239304581372492
1860.0,3.8323877930558696,0.2846141933881162,5.88730385702228,7.899009430267522,9.77157354094429,11.327262834335517
1880.0,3.8940175377351034,0.24924091049750047,5.933723156134018,7.924408119296561,9.846748360375646,11.351243366079155
1900.0,3.939491371475686,0.22753956313796864,5.96209199270512,7.962120699470359,9.897429884489265,11.380040423491058
1920.0,3.961410846989403,0.3398188923733466,5.992088361297375,8.077547758417381,9.971051686774228,11.464726861023346
1940.0,3.994003279787802,0.3750017589431796,6.098742637434674,8.12512107884265,10.048238590426287,11.54067833464432
1960.0,4.052958836794626,0.3493696174406414,6.195196038737633,8.21779362229947,10.159774525089608,11.658883372459757
1980.0,4.119434189658796,0.29115338394302304,6.253746774395211,8.27620886591923,10.188429197417538,11.681477837927169
2000.0,4.190273843227134,0.20709883550386338,6.305734374588719,8.297619129500855,10.226355861972097,11.790199441157606
2020.0,4.25975014400214,0.20306529491098665,6.338933349150887,8.358686988392908,10.22926414072473,11.824490238964648
2040.0,4.329816906803197,0.247983779250145,6.389163723316504,8.42064269491851,10.327636141636223,11.843358457810393
2060.0,4.3625719818037965,0.3280282630729373,6.466627255253762,8.449094924427225,10.342088886617672,11.925995072675601
2080.0,4.41552509777351,0.2531152042968539,6.453363314202804,8.489639693569966,10.462257463470193,12.071907678154242
2100.0,4.456618461336606,0.2952831771759023,6.462042562216595,8.521221358657995,10.460839778861354,12.11877353856031
2120.0,4.485822302958008,0.3456374058264919,6.458874411772909,8.560277356187338,10.468156619312163,12.152688765619388
2140.0,4.523839338228497,0.29061616302903404,6.602806899849493,8.566513381949388,10.576711479519675,12.155588901045189
2160.0,4.585875939304135,0.27165942368224094,6.60298981600887,8.62687117924279,10.620265531207973,12.275995335111492
2180.0,4.646428209950693,0.38101214005565864,6.6118832353007635,8.66226681644822,10.634234811113139,12.273617127109247
2200.0,4.681132813716542,0.30454838451080196,6.662006161867334,8.71887525142092,10.709531316491637,12.389132160319958
2220.0,4.714765642584073,0.2910827060265414,6.766860909024213,8.815469268305215,10.795575995135547,12.398483322482425
2240.0,4.759810179657423,0.2698283288653412,6.757572985230584,8.924958836204292,10.819883043665182,12.487820128167877
2260.0,4.869013139824186,0.2701851815629648,6.876089170928819,8.917044981033207,10.944180888645311,12.560712616659854
2280.0,4.924045442982729,0.2097059537503856,6.870541289805385,8.89726631518889,10.930922228425363,12.604106365117243
2300.0,4.945807172254193,0.267928896013588,6.888608689207052,8.982304425081164,10.922198676329867,12.660702186637726
2320.0,4.999716375063793,0.22819192370554164,6.919974142477129,9.004405127226896,10.96867225075192,12.695967914975851
2340.0,5.042418758626516,0.2472506005505842,6.996762385298277,9.084771644411097,10.967858174864134,12.703590091918144
2360.0,5.067101716161518,0.2299251402124181,7.036391635329691,9.050962946023693,11.050477264591768,12.682940232065674
2380.0,5.089993922823703,0.298982676705686,7.031034738472047,9.044477593249063,11.062336838389417,12.797893128881658
2400.0,5.116884199713194,0.2521059859345175,7.064795962828714,9.087414862471997,11.06607571099798,12.851830936423672
2420.0,5.1393641853628935,0.18368989217242201,7.094566286849448,9.100582205357469,11.151289303665665,12.788403893071234
2440.0,5.181168771154672,0.25935614159413767,7.147770681437365,9.123507205650546,11.154917217036465,12.931795651188338
2460.0,5.234642430784261,0.21131848095387964,7.194559579783288,9.213997051159271,11.235196596119717,12.963633085101666
2480.0,5.283285968660564,0.26980637490538767,7.235958959047558,9.217983002253998,11.236715355159582,12.963988687958642
2500.0,5.312386473240425,0.2564088716609895,7.257784421084854,9.26252738352615,11.3058486855266,13.07317330956053
2520.0,5.336886689003057,0.3252532179846367,7.2767380951444505,9.376252990189197,11.394408448325185,13.123367570756148
2540.0,5.363718339233516,0.30308446256272054,7.308576133501331,9.386169033774884,11.471384718019351,13.18536099428238
2560.0,5.41246907477363,0.23386359538913895,7.381909030742186,9.409806648450193,11.43660717284139,13.226132262555714
2580.0,5.436290867050767,0.23524465540724568,7.40530212265688,9.485297705520521,11.478458071875874,13.219580552970433
2600.0,5.484218992291812,0.23960381785505222,7.505113822511758,9.537399831775204,11.561873258692875,13.27500949847465
2620.0,5.511687670218781,0.32239504907510697,7.4336423483858365,9.601912160695342,11.686284339847674,13.356951487594454
2640.0,5.573817613200851,0.250418988454053,7.594844214384096,9.595068702316969,11.569875605265365,13.492060664671488
2660.0,5.6291334548888825,0.2430183828386785,7.660441520686658,9.593304303145226,11.651928639919072,13.478615108419339
2680.0,5.66929546971624,0.30710794843089917,7.659138424945885,9.725947813012201,11.729037692359473,13.481684588763244
2700.0,5.729995912660234,0.26771989963272685,7.703681642532452,9.721246395995548,11.770016553906387,13.589218036079112
2720.0,5.811976642847911,0.24792228764580093,7.751678045714162,9.824087663688157,11.788508628172988,13.634227590799933
2740.0,5.841547658054425,0.29364604537328376,7.772815265640024,9.848676540664552,11.863016636110386,13.675025010049941
2760.0,5.873461178959229,0.2549247399724444,7.807953149432956,9.86562759044887,11.929768282180046,13.722000872897066
2780.0,5.90388039902442,0.3390292946403803,7.85580394662031,9.94054200147382,11.971103280994805,13.838193656401888
2800.0,5.960833943369041,0.29915980426052313,7.913209048882919,9.959505364868056,12.045774892451746,13.875124787422347
2820.0,6.007814035084739,0.2829281036669876,7.932552380457636,9.995027638822489,12.072878593919048,13.868866574345281
2840.0,6.072978326261184,0.38295884254163204,7.977785108255756,10.023997022054951,12.04204728665187,13.981088338921694
2860.0,6.151367884480024,0.20912303988561537,8.022169845081327,10.089038478884326,12.034823560247109,13.981663093586215
2880.0,6.177571221417489,0.24662648360541578,8.035777502204473,10.066408799981135,12.084024467816539,13.94390291235365
2900.0,6.2135932089409005,0.2502018579112414,8.12006695403559,10.10051389878142,12.174433988875656,13.966180997277831
2920.0,6.26610411812699,0.32299734545073566,8.10460723009047,10.09471575667605,12.176201994783657,14.032117623533235
2940.0,6.3389405997771275,0.2535242612621341,8.15094917520271,10.178580793326839,12.181961947065274,14.002921912748155
2960.0,6.364955202232126,0.21910946816033236,8.188698966868287,10.139887202712497,12.239864813752868,13.97833828435057
2980.0,6.3873773869966755,0.3555432834378405,8.149817797735349,10.20129669889461,12.241303606488353,14.069559393839938
3000.0,6.411813323946836,0.2350348504242968,8.185935365369232,10.233882070736481,12.277691635854016,14.027802305591255
3020.0,6.433632639313504,0.24622559847880895,8.291468172601721,10.174454629393711,12.285500331911972,14.14811354497137
3040.0,6.4894549911606605,0.24301810323428885,8.341950182331901,10.257762543211939,12.293358199178424,14.069619100613673
3060.0,6.524777735400574,0.2562251638789227,8.270891853260576,10.336094176885219,12.367197631471317,14.233058613539393
3080.0,6.546809139372803,0.19655538453329752,8.318507365811346,10.27045487266868,12.413821648589549,14.111166092233324
3100.0,6.573865709122629,0.1821081291269986,8.364709773400637,10.334134918283159,12.349492872883223,14.206825401721773
3120.0,6.594804007621133,0.2528356981215111,8.360423637970957,10.368143558764482,12.413970135466405,14.181718206966181
3140.0,6.626301908319317,0.21796750326983413,8.472580844446117,10.367241069366951,12.383234169444275,14.25095955552005
3160.0,6.680825374421917,0.2508731340641681,8.515092397677266,10.346116413194604,12.403262067968207,14.21630199018345
3180.0,6.712477427206129,0.2133985880256178,8.473394017185953,10.41154660343326,12.42421536415951,14.233219754775197
3200.0,6.735569385900017,0.2820639004767477,8.502282049213198,10.40119991958748,12.52369383200449,14.304760290091787
3220.0,6.757397402476705,0.3610537751836972,8.53628753456579,10.441084606129028,12.498046351533066,14.434121325341787
3240.0,6.798190994136772,0.2827775953055262,8.631989734078466,10.483834366224706,12.526950536965458,14.411474604298174
3260.0,6.861007605138269,0.24841085467919335,8.658582412917468,10.535149234170063,12.562039461568165,14.33818034578876
3280.0,6.889407530510449,0.36058733872000237,8.710325624683886,10.547524609032738,12.55325480368445,14.463089208985924
3300.0,6.915776619249529,0.21876214301895341,8.683766937736868,10.644184385078207,12.630460172572974,14.47732477051568
3320.0,6.936173928528075,0.24334417146306708,8.751163868375352,10.616071988429164,12.631402523366313,14.496975620541074
3340.0,6.958174175254131,0.3426333350972116,8.760573428507572,10.62636287325622,12.63039422694643,14.480778619048834
3360.0,6.983492628549174,0.2694864677923731,8.775322131942858,10.627363027641033,12.709725248805217,14.491432611710707
3380.0,7.034063505897305,0.25394511347500603,8.824029674282277,10.688130880071801,12.747800014129883,14.570752814343843
3400.0,7.0550661949508795,0.22248287146913817,8.871829742652874,10.72370973976945,12.764729528041673,14.618748767224494
3420.0,7.078614389838482,0.23979254304870362,8.881528911147289,10.777571217698242,12.76531024709185,14.586815647735175
3440.0,7.118734008313668,0.19972917466208953,8.962953377856396,10.727788703805519,12.783104640356049,14.63356618539459
3460.0,7.143411275494418,0.2747924068081266,8.940968530879557,10.765723477620295,12.832837037006916,14.631522666791222
3480.0,7.2027840318753125,0.3245481615835082,9.00055839273385,10.895739588061693,12.845291510219079,14.637740599814464
3500.0,7.228706001670271,0.26788676500976066,9.048810606913609,10.930425850724212,12.910405750708387,14.775032005331443
3520.0,7.261373683762791,0.3522582818501502,9.094479836420174,10.885791102988867,12.963690620231512,14.811260609827732
3540.0,7.287179236857019,0.29670516737447283,9.122527933261967,10.961486162043375,12.973816774915074,14.91841874774757
3560.0,7.311288839691488,0.27636948419587876,9.14154337707227,10.98520264703127,13.035065749689426,14.865234423095222
3580.0,7.334108070643299,0.3047828722938892,9.148101226429228,11.028258177151539,13.108876891425854,14.977178464858806
3600.0,7.385719474369571,0.258506541253965,9.23318570516731,11.027925978882413,13.143928007589512,15.048002692090979
3620.0,7.434248988478141,0.22489070467232358,9.272124148023039,11.111250441862708,13.125894080582446,15.098783929662508
3640.0,7.482214995801731,0.23353383478130002,9.363602938437845,11.189170698095289,13.178028155152925,14.985768615301883
3660.0,7.5055900903024835,0.23456938416152603,9.33762396277191,11.213462721066247,13.217155301099663,15.167216151032795
3680.0,7.557496183845336,0.33366992902433296,9.401240139554044,11.208211892754433,13.292173395997875,15.136005300601525
3700.0,7.63618598266626,0.22866270580059972,9.463331873860215,11.280677070931393,13.297127880351383,15.20430370508358
3720.0,7.6573072028424445,0.39144087075104256,9.456542763341428,11.344580515219912,13.359100579668464,15.252135406944728
3740.0,7.676237874785268,0.22854606522038207,9.491155335954588,11.420850101436264,13.428559737520848,15.317211935929695
3760.0,7.700094841641885,0.22652891263185904,9.485534528979274,11.459908088304267,13.466187655330623,15.296515709142975
3780.0,7.720833032836862,0.3186224857153875,9.543719020264561,11.515764157496744,13.4260221321493,15.355471447144197
3800.0,7.785951819117875,0.2789650607748301,9.616815873453998,11.479170852085332,13.483789343738374,15.299430890673483
3820.0,7.832646423733374,0.1981356301201996,9.653927775682646,11.474264456601368,13.51163557385199,15.442476819204305
3840.0,7.855814323570217,0.3123492347134754,9.63230867291066,11.564200672844052,13.525182091797229,15.3983428680183
3860.0,7.876423144437152,0.1996129660888364,9.711442784351616,11.592876526965021,13.530900974230155,15.403163769994691
3880.0,7.899705280558703,0.2570629979084488,9.822158592433121,11.543231135790677,13.557734116587852,15.45233530825043
3900.0,7.947436441449925,0.30828613490700896,9.828812068048599,11.658617155019375,13.595638216267222,15.557944952092049
3920.0,7.989061884345223,0.305882672764235,9.913233261324175,11.726381380265709,13.667327828101653,15.597158318370976
3940.0,8.065215991246987,0.29612494118644495,10.03486612029312,11.743978479934738,13.767510593775668,15.616895686043714
3960.0,8.127934872453284,0.23762834145102868,10.115214465706845,11.862993209630643,13.783985542627956,15.723841517585859
3980.0,8.176052290448286,0.19434871278116372,10.099072521630546,11.98413929550355,13.870117515252346,15.736866854565534
4000.0,8.229131148436146,0.29899556701396035,10.211292165678822,11.947060821521827,13.91405115246987,15.806300700891253
4020.0,8.310149427256638,0.3423724952381066,10.202467341880752,12.04165071722586,13.946853348485172,15.847805499479785
4040.0,8.372395400791373,0.2265913437829145,10.276750684899694,12.130610614766924,14.047963497426565,15.86826889783433
4060.0,8.408140639672533,0.30495182826815476,10.280877419949014,12.091281846840534,14.069317619291827,15.950974430861127
4080.0,8.467972073266429,0.2653827222057348,10.317367337470442,12.107318738265405,14.010518760830209,15.954179448684119
4100.0,8.500522604053504,0.24628590151834429,10.313031152091087,12.112597529829262,14.085443395592,16.05143110988635
4120.0,8.521332566860238,0.19423984614917658,10.284544557585313,12.222201434705012,14.191571691211859,16.04475853402202
4140.0,8.54685188677549,0.24344457038526138,10.304076809492106,12.260095660730922,14.12148079058596,16.126210820459637
4160.0,8.595382208371747,0.21440867606911454,10.41827610932239,12.201679089562434,14.148990463917098,16.112846588074426
4180.0,8.628521888249427,0.23928781628697351,10.438588883363327,12.303859024491866,14.151647743116309,16.11113715721561
4200.0,8.655584550603734,0.2283021660596829,10.43337881726339,12.339296600277567,14.218398204163767,16.207807216401115
4220.0,8.67389887941964,0.21798941639380773,10.425377103051282,12.26210001101057,14.338702771274882,16.218476002987455
4240.0,8.69917869803797,0.2886105822668975,10.414569661047063,12.24152285995848,14.268992591681734,16.243296719117644
4260.0,8.75495561406396,0.21465371776084402,10.44403638124663,12.296039022777304,14.276376390277306,16.207721521511488
4280.0,8.780925939187739,0.25094503395292744,10.47800344027424,12.271264295730608,14.300936916728745,16.3013501513179
4300.0,8.81803267321312,0.2299375360931311,10.532625625846864,12.314754963008673,14.372683488970235,16.372924850588973
4320.0,8.834332054026556,0.286726689118176,10.594301587938649,12.420805654292188,14.387006432206729,16.366647618015165
4340.0,8.858335249670526,0.2803011269232281,10.613137465451931,12.411492310181067,14.4680359040883,16.374328278019398
4360.0,8.881646958807703,0.25592146176870484,10.68765915656147,12.445917737600148,14.492018831536086,16.387394899436924
4380.0,8.913443963454325,0.2624751757651241,10.726962374059172,12.464124498225514,14.451218865985282,16.42260805186445
4400.0,8.973077528989112,0.23249002154217085,10.814030384325905,12.535203649125647,14.436934813231824,16.386142016721998
4420.0,9.02536303663238,0.21222679844748105,10.85386513638492,12.530056578871527,14.504068991070607,16.46027660542861
4440.0,9.069310297991201,0.21098488366980855,10.925092313154781,12.61197491990014,14.547443773557859,16.4436264921924
4460.0,9.116799855924224,0.3250741833572678,10.908149121789872,12.661936392365828,14.628754163568601,16.43763930619574
4480.0,9.159399293074772,0.2851198158137113,11.040339187707136,12.670778842144216,14.660712816912403,16.566582278422757
4500.0,9.193831838346046,0.2528989826593131,11.108069815062889,12.735313578560078,14.707332442230225,16.581464809984155
4520.0,9.22903044064007,0.30107927365481635,11.100366275351437,12.773223538774436,14.770469584374485,16.714342599955923
4540.0,9.254415149489024,0.30196570474785034,11.09441523778612,12.813541804506434,14.882764814339467,16.749586087194626
4560.0,9.28574372233407,0.28372302072383154,11.211030055197389,12.798145442480022,14.82091376007339,16.882823520939905
4580.0,9.33486577870365,0.25509203129613595,11.144866764852226,12.858036341629093,14.88852694727702,16.825104007419828
4600.0,9.356097022850438,0.29799540010959225,11.113927105724438,12.959524036418546,14.883062329113205,16.865478009795194
4620.0,9.372957687678925,0.3011725614070671,11.142070550902691,12.990567456262033,15.011318860941213,16.841220439053476
4640.0,9.405388427073182,0.2552709793526471,11.214233369405296,12.97844057250234,14.967352649147722,16.873869733904613
4660.0,9.430324453411554,0.25993657534874864,11.171298764880287,13.071291723164041,15.041852613634257,16.9173932056742
4680.0,9.463895426277848,0.221745271107255,11.183605123021872,13.067772053205593,15.10352119140401,16.932365557720765
4700.0,9.51764661978119,0.19841279125575437,11.25241803075533,13.021018658488737,15.074626405296197,17.04504554364359
4720.0,9.545578044601944,0.208958011484007,11.254332957684252,13.056126904110306,15.083121915813924,16.99790642248322
4740.0,9.571914563074458,0.298406429556989,11.2179986713471,13.089173181290349,15.137839235408261,17.050198562490912
4760.0,9.595949064049467,0.3278172661749677,11.28146056327676,13.109629802514444,15.176899962323034,17.144042827348606
4780.0,9.62017351505408,0.27925542714510276,11.329614175651878,13.139810151023545,15.174581993166441,17.19081618628864
4800.0,9.65850959188485,0.21411191936657148,11.38445571578465,13.212682685003083,15.252184848375382,17.19075487775111
4820.0,9.703548250672657,0.21413118039923829,11.470442779228142,13.211596427611118,15.270406180524088,17.217868612543295
4840.0,9.757993654139193,0.27459001611245204,11.563085476165131,13.252325716927263,15.286566527068123,17.25901335147462
4860.0,9.785668489189849,0.29616508451979506,11.596529284282632,13.304703871800575,15.298395011283025,17.243156492956487
4880.0,9.828755586995737,0.2891109857471875,11.596762649851154,13.303274181253002,15.322608298802544,17.28496281725843
4900.0,9.86352969588717,0.27449342229084917,11.646162863447246,13.361837440534241,15.336687670206805,17.264568643505534
4920.0,9.898048183361272,0.3236250688386825,11.758822939560504,13.354648366314805,15.309741856951158,17.265109414625023
4940.0,9.961506144194324,0.32686379089736023,11.715519229401213,13.39792277713526,15.391187462344721,17.231996737920674
4960.0,10.027283075030184,0.27117530035113996,11.791422502142266,13.456926516138125,15.42560000665901,17.361297216232934
4980.0,10.047489561782953,0.3367916673912795,11.899121142091493,13.53142559959753,15.419380117273324,17.358272551710638
5000.0,10.085592740005705,0.33061517894632747,11.905214204249113,13.669741690583677,15.479489600076807,17.39848047648278
5020.0,10.11521738919467,0.21439355719206485,11.945944939024503,13.740636297476277,15.601857043869606,17.46875145219281
5040.0,10.158642579113586,0.2735906308484562,11.928365143421958,13.799130594740202,15.633297664522502,17.57780643077229
5060.0,10.191399403947894,0.24126398840886307,12.017524783815343,13.761523114850217,15.608650876368994,17.555585509302006
5080.0,10.21695344050417,0.2201590016932439,12.066606184802644,13.774412392173494,15.620813548460234,17.598250150211577
5100.0,10.242620375552209,0.19067501459877426,12.083134681882653,13.851532406336725,15.714664944384916,17.56328795403197
5120.0,10.26220763967967,0.31686177742225746,12.042327582151383,13.838535976908442,15.79260268076015,17.66776741830025
5140.0,10.279483065910828,0.2551062096153182,12.016084735688063,13.920522998759889,15.853078726401645,17.75812050464938
5160.0,10.30896297848235,0.28778653935735965,12.127436666802986,13.89985395896655,15.825494236229337,17.760283767484406
5180.0,10.326790257758192,0.3825392038105501,12.111805866339292,13.900578189489314,15.853372220092547,17.757935284040897
5200.0,10.36710036072645,0.19260466192914868,12.218638035015452,14.040313991785734,15.921564075058331,17.78705330075805
5220.0,10.389454404663613,0.2920642550925625,12.255811292613009,14.0909139157602,15.946711371572045,17.8930158024554
5240.0,10.432198657722072,0.2573488674755326,12.259003095601653,14.133968585939376,16.01532511858499,17.861396582248236
5260.0,10.459344250689425,0.22071307540895316,12.341158980486444,14.13347001303751,15.993680277011311,17.906485146434225
5280.0,10.50503212330205,0.3077739911278189,12.334904026207955,14.171062219222748,15.994958592054042,17.981158805040053
5300.0,10.534201390714767,0.2838731310974506,12.391526447730355,14.16923362383865,16.07323460235858,17.901691596337766
5320.0,10.584958049527042,0.28049824134726953,12.43113262667914,14.165263814670103,16.09010861952357,18.047007461024627
5340.0,10.630786702646693,0.26721895117287414,12.456264725725386,14.260763906156075,16.124148735975968,18.045351358848414
5360.0,10.65091533925966,0.23950628422280146,12.421519484166023,14.302181871936375,16.229926621767437,18.149658211244567
5380.0,10.679581369123985,0.33336186247851113,12.571187813371774,14.30414994756816,16.184569173369404,18.1228093464285
5400.0,10.732249646692427,0.2367971129103358,12.584870923467568,14.354851175569598,16.206477508530764,18.251187225069593
5420.0,10.764380287735031,0.2376195410269734,12.549270316560683,14.455031423448101,16.33123311360541,18.14910600112993
5440.0,10.784048136445628,0.23765217288570675,12.583598335052823,14.42291531090259,16.275954974456496,18.279078920035417
5460.0,10.806939618931683,0.21381554658921215,12.620725061797646,14.387897796036379,16.352246378214932,18.288324158111177
5480.0,10.826278737795468,0.2604247490627079,12.636323869116072,14.478131078818057,16.334619716955594,18.234006155651393
5500.0,10.844453091813122,0.273126400766706,12.655698105855343,14.545911264055533,16.35006625130969,18.334386890018415
5520.0,10.868821116611825,0.21558858740874656,12.770007972330733,14.57261284368902,16.472389768996027,18.3388233478128
5540.0,10.891918649878887,0.3181237666983273,12.688160926606553,14.643262368687918,16.42666077804338,18.43775737078161
5560.0,10.915729717389091,0.24746688092202299,12.81438508132321,14.580357778066931,16.462537399139475,18.471193462131033
5580.0,10.942851784735515,0.2641598911353463,12.846432219610417,14.70319737405045,16.519192611232793,18.48577632035165
5600.0,10.966395537968447,0.23903934073020924,12.877462419933769,14.75596275712789,16.525056863020943,18.460106119316936
5620.0,11.00194464634936,0.23591717715781368,12.828465411923776,14.830670116057746,16.601197819539152,18.53455528840626
5640.0,11.056449136536092,0.31729633865170476,12.884126785860829,14.79703841691593,16.66667152133931,18.575814515873212
5660.0,11.119775375696904,0.32798310449259266,12.960890564508102,14.852780987485124,16.68860547904483,18.610537750991
5680.0,11.14111321451205,0.32097898624733323,12.932700535037046,14.864781006140865,16.756898248562347,18.631165616305946
5700.0,11.166959095932729,0.21847373404725606,13.017425677578169,14.873768169073506,16.81098738933121,18.730008049705432
5720.0,11.208289510003082,0.26109166888196145,13.060721514294874,14.879527874782013,16.84233005056165,18.793427070063057
5740.0,11.246761949306995,0.2460262046462695,13.090775208168447,14.936635922942102,16.820905078919843,18.85351636763037
5760.0,11.277078701658713,0.2632764552265828,13.090728152814512,14.878878017219895,16.852585131056557,18.837374871971054
5780.0,11.30807474356234,0.24910504017230242,13.179802586774844,14.910724466347066,16.91425700530392,18.898058409009142
5800.0,11.338024702200617,0.32665627573611355,13.301459136343325,14.943742475231314,16.913235916898774,18.88364192167646
5820.0,11.376719312857269,0.3039021184357646,13.287679706034439,15.02825966288375,16.998905756724003,18.94257597807208
5840.0,11.413065506396606,0.27256188107412455,13.331585109576054,15.038188498303787,17.04039160529719,18.94031167181056
5860.0,11.472355955566668,0.20616736649390166,13.395050685214258,15.079855254255614,17.016093658067355,18.969142622058598
5880.0,11.505420426318679,0.2559810798091233,13.434800317844147,15.089148774105643,17.04467823816153,19.002401657841396
5900.0,11.582604642126308,0.21566144175941154,13.42374372596901,15.121602944348618,17.13716721017527,19.032806073314593
5920.0,11.596077717587887,0.40800817606481043,13.466189748371226,15.185369284368694,17.175562467800283,19.046647004026855
5940.0,11.617101968478527,0.4108374262771128,13.468620001661415,15.186333736011216,17.162033215817083,19.135646370405635
5960.0,11.642489892016684,0.252456211884197,13.560197312949693,15.192025689329267,17.213097197575195,19.07652226337966
5980.0,11.677431860283667,0.3216843000333318,13.60160356533865,15.304300051693232,17.269371457518577,19.248004839488488
6000.0,11.72324480273864,0.3018490981637708,13.595756830807048,15.342087866580275,17.38337058201098,19.26281529152699
6020.0,11.741042395666277,0.331578070297733,13.56827183195488,15.400915882026961,17.416574267741158,19.43613966051275
6040.0,11.760899163684233,0.29279240766488973,13.606207988605359,15.41366755216778,17.490221554904057,19.395435196982117
6060.0,11.79310715397157,0.31519387871978755,13.662121008725382,15.415194928885075,17.43436514076844,19.471687123980495
6080.0,11.811067210357269,0.288366948132953,13.643372288287594,15.510779434437586,17.488246413642408,19.43967106755715
6100.0,11.829422995178323,0.3152058509454625,13.64314818447761,15.518846343733205,17.600330939915644,19.46334498141681
6120.0,11.848488175078032,0.30578201511189773,13.629631287970636,15.574439799126338,17.61850549054942,19.547374463095856
6140.0,11.881864002043645,0.20874790866708487,13.708634107967763,15.541556600719048,17.6662601149375,19.592747549562887
6160.0,11.922282525596621,0.28470880858753334,13.758173272943102,15.657692376741736,17.605733202963503,19.585190851814954
6180.0,11.962337961912542,0.21207315485619221,13.832152178035077,15.70946527745563,17.643378225999506,19.61580562121992
6200.0,11.989035377160715,0.25107780435481364,13.843779876107579,15.750706770662536,17.682382632016445,19.598344552430827
6220.0,12.038169779974627,0.2580033611102235,13.825983780340106,15.83579750417358,17.739474984468455,19.62301387806076
6240.0,12.075571944714238,0.28185995846851786,13.878621909590972,15.821428051239995,17.787891793841865,19.7501794013979
6260.0,12.099851192940337,0.35228351031902483,13.939996396951392,15.840240003241837,17.845904718390212,19.845742572295162
6280.0,12.144676491623292,0.27335543116519523,13.980590246524724,15.956090704769363,17.941063046588408,19.810335326082722
6300.0,12.179005531447164,0.17962517073779954,14.022965755316722,15.978090847229023,17.97281949837018,19.861472034826313
6320.0,12.227709161954644,0.2730607300853119,14.09341776498523,16.006564947192658,17.963346372014648,19.90451307421677
6340.0,12.297415455323634,0.24646493471662279,14.11571437464105,15.95081746602059,17.970803964725597,19.930949054834606
6360.0,12.358558337100707,0.24664361783900768,14.1490140567419,15.996448851513449,18.027673819007823,19.92697999822702
6380.0,12.379240907536632,0.2132692830655214,14.147644309739599,16.127600533148154,18.08715792895272,19.94198228837461
6400.0,12.40049263607783,0.24340506042504217,14.251097812781854,16.10631292331425,18.123937799965326,20.000662581364868
6420.0,12.458913499805913,0.2844486837369672,14.289614003726536,16.160817003685793,18.128130188652847,20.054753314937994
6440.0,12.517992679465744,0.2281481916462454,14.348823959262415,16.20262575576919,18.235700307471784,20.092725731717987
6460.0,12.566490279371363,0.26358563421034015,14.449976936786907,16.266915137387343,18.229056363570127,20.15023584056786
6480.0,12.600956674849135,0.2700603413496793,14.420249754083887,16.350406276617782,18.304185265675947,20.23659147654363
6500.0,12.646195848797333,0.18823845573558812,14.53150547165696,16.262537062566736,18.3114901117183,20.211178146380867
6520.0,12.694738100597375,0.26075805911347477,14.5870406088715,16.32844316871259,18.28664393749073,20.24804439899149
6540.0,12.715819900211033,0.29035736331479867,14.563752998545388,16.361520170756176,18.334111747036037,20.19783069932587
6560.0,12.758234960343188,0.373437295883229,14.595256464873177,16.39003063124556,18.369819215455752,20.27670127818046
6580.0,12.783162525609054,0.28456393425876503,14.636965600818609,16.434003703518965,18.364605850975344,20.342248004315525
6600.0,12.826790497715738,0.27477615912728154,14.668304982164145,16.444687633945286,18.41243617645385,20.29196215287642
6620.0,12.850508041152182,0.21671319242445414,14.620257462152328,16.542002499131495,18.483874863402225,20.393318987827218
6640.0,12.866955894101839,0.37623900564784307,14.6296051027748,16.558199964156227,18.531818870444503,20.422021704728998
6660.0,12.892584150175932,0.2683958750006138,14.679361836955351,16.566766742620814,18.58986863721077,20.508398453001774
6680.0,12.963098662217742,0.30160904246056813,14.762180127813417,16.65921073308916,18.55004597054657,20.481893758413214
6700.0,13.003265628954395,0.2811652619671173,14.788851346522211,16.738689049074942,18.620233594440087,20.47257295039831
6720.0,13.06868179245654,0.304441177734012,14.802695526095196,16.731636403293855,18.66836469015669,20.593930088112657
6740.0,13.130749327573486,0.3063660100366781,14.921187373302567,16.706306955946452,18.726766174541602,20.649324379704446
6760.0,13.181463413581355,0.28720908049805965,14.938420688151956,16.772916370979225,18.765240304987884,20.684596700108997
6780.0,13.204087664793372,0.34609057474602,14.93502785029425,16.802127596008408,18.78102187540727,20.71275954036722
6800.0,13.224530776117003,0.1919222142215225,14.975235157886264,16.792487396412355,18.811783570529265,20.740219411256124
6820.0,13.24337577257046,0.2811928355667386,15.069922317557849,16.86601422928575,18.855761518583407,20.767543382487332
6840.0,13.264676431075909,0.30056005184873685,15.10296929849107,16.90792289657408,18.881987439772757,20.828287256149334
6860.0,13.335218580280545,0.3213302665845845,15.221557569772234,16.94339175013636,18.93155236383779,20.85833509572584
6880.0,13.411141727327784,0.2513381811794075,15.247589041249356,17.002097041575293,19.039163627924886,20.891881006879338
6900.0,13.4427575960989,0.22888670847627463,15.2394681280656,17.01863178248891,19.045757645472428,20.974227896828886
6920.0,13.459781231555365,0.3445148751402686,15.313746706738977,17.01855298019905,19.045583910321984,20.98995197324845
6940.0,13.491098486996766,0.2121802121379078,15.31976333536762,17.127663852528382,19.120775235804615,20.941285637393626
6960.0,13.510817868717876,0.33530724031065323,15.385311392503018,17.14664591695435,19.11881561456218,20.99756958938797
6980.0,13.530777828924794,0.27948919946178774,15.413063534272018,17.171122580623166,19.20354682720203,21.073986175845597
7000.0,13.577597533728206,0.25863080473356004,15.464065668742752,17.216081741013088,19.209125700676744,21.112825009884627
7020.0,13.630481582357083,0.2064311553980746,15.489551545451173,17.265446941236256,19.26910554253926,21.162579121539274
7040.0,13.667788981094622,0.2222571958847573,15.57244623215646,17.278899252346065,19.27659399842579,21.162803127109235
7060.0,13.73347162925263,0.24973588497218363,15.570162155935302,17.32448194380968,19.331291113044507,21.213207080375174
7080.0,13.778446008448531,0.3171593756172383,15.623177865904495,17.356602393808643,19.38834204804807,21.183774245642415
7100.0,13.813613043053014,0.24169220112940035,15.645472316438497,17.435542827617766,19.354679011951838,21.26497488003344
7120.0,13.872794883655692,0.2734635937816819,15.675531266130964,17.452123200271437,19.46955312406134,21.309045978591364
7140.0,13.899456219573375,0.22757898540542815,15.637299074316505,17.48294449750505,19.422400930612692,21.31992325784338
7160.0,13.914378262112436,0.24285696061553158,15.619419907339516,17.479153074922756,19.46422155305795,21.387040338421492
7180.0,13.931775566338704,0.27786849419476367,15.686090663641343,17.494459472084912,19.487499108554573,21.45595053038188
7200.0,13.969230545584228,0.2045151114160581,15.777519311657361,17.503182295812344,19.517573546780746,21.50328075483907
7220.0,13.999050646020828,0.24283694276306825,15.776043016135938,17.567238376606547,19.553962954765204,21.42670203548037
7240.0,14.059152892651563,0.25608582741152536,15.780192793731391,17.658760646592818,19.646673092709015,21.56970356468809
7260.0,14.085468752174426,0.19872252611956173,15.768906858722534,17.630752347902934,19.74467342226841,21.652000428821403
7280.0,14.119249830110832,0.2036185260897037,15.849480690310386,17.647772762838162,19.69707181502545,21.666257931853696
7300.0,14.180404354419375,0.2404080825933847,15.899300025282027,17.67611890940853,19.711753781892895,21.651009006745557
7320.0,14.210350449374243,0.2752756610726633,15.922617194123566,17.740164131542393,19.795411398841278,21.660580426762824
7340.0,14.229310614437072,0.2735805222558792,15.934826926139612,17.80267350299183,19.805860689756734,21.726962359240655
7360.0,14.254982432062041,0.2978503557828163,15.94176249217685,17.828329297946965,19.833201866135774,21.745544068908256
7380.0,14.282449534166588,0.21788482947996918,15.97454497351163,17.837634978196125,19.853757787031675,21.802618004810988
7400.0,14.31162098618,0.20877039268072517,16.088757857110686,17.873061999375345,19.882282875810162,21.789206787179854
7420.0,14.337262577893265,0.25860973713179003,16.051112049846125,17.870998279442485,19.88170503560169,21.83104525377926
7440.0,14.395527449308648,0.30632633574206136,16.130617002579744,17.885037223142767,19.880319031070538,21.83089294336748
7460.0,14.419715997200305,0.2732080318827176,16.205807609703847,17.998652076589917,19.982166701215952,21.846561679430113
7480.0,14.450804213212223,0.2973307305674052,16.241799096741055,18.065539635874362,19.947864227126836,21.934415766967025
7500.0,14.476283715208215,0.22665788302715625,16.281565418221064,18.096528140680096,20.00422522437308,21.939675379459988
7520.0,14.495521026953975,0.33623058913259646,16.280067178099447,18.1172971788601,20.110328987087456,21.950164397650827
7540.0,14.51393860913773,0.3282563991420005,16.267097080791153,18.202529602387607,20.155214687822074,22.092300149475516
7560.0,14.532804662368989,0.2899863982612348,16.3278076626059,18.199607803985288,20.201159689396057,22.152456918873348
7580.0,14.59666134897229,0.24118576026488142,16.450669868112175,18.183345307481012,20.187288734160763,22.231880649765014
7600.0,14.649706878626565,0.19634925055915764,16.48547377665065,18.32446835354788,20.226814912283277,22.121995914484057
7620.0,14.694070639863142,0.1911840357407816,16.51015278665183,18.29691030265929,20.330469972161623,22.117196983605773
7640.0,14.742095855579976,0.22387891569902366,16.517724178619922,18.24584436796024,20.30799585659851,22.201701982925563
7660.0,14.774525108049025,0.24452685684221942,16.48517277632655,18.35658747313424,20.301038740554823,22.254948050105337
7680.0,14.791131323558588,0.26909197528744305,16.530699770820206,18.35970747524196,20.340583535323155,22.290965595507416
7700.0,14.8098249656577,0.2386524300632567,16.564123147803414,18.349875454465547,20.35773501622341,22.298228276562515
7720.0,14.86037645652326,0.1770860103695219,16.622070768855046,18.37184098537176,20.387889100780193,22.30895934281378
7740.0,14.878130908096455,0.3680047923538613,16.631847472690893,18.439914683082396,20.44449326340456,22.37356487220922
7760.0,14.909139256764865,0.2654258725043527,16.693003194581884,18.420604688345897,20.4785994668808,22.40546518035688
7780.0,14.937680702644723,0.31700381550633666,16.6840774487122,18.43458044459229,20.52065845696414,22.411468381960837
7800.0,14.959459277011172,0.2248905389269789,16.68649334371618,18.492017966548143,20.542321143903845,22.45858983268456
7820.0,14.978443152933627,0.23877566897022642,16.708324336356238,18.483671967204092,20.537794893867925,22.482145825889937
7840.0,14.999710833748868,0.31769407615338385,16.764178984611327,18.53016373412563,20.517256900459063,22.498293495859222
7860.0,15.037758491772431,0.24119202682108928,16.85731776530536,18.57794688398543,20.657946169326415,22.487701630300887
7880.0,15.057742559598443,0.3126131391259515,16.866292160407273,18.63254787610062,20.618595438921105,22.565829375143466
7900.0,15.079081904493327,0.297593056243787,16.97220165232688,18.628742991638653,20.64220075373904,22.589510645889415
7920.0,15.100071918433281,0.29944787992254895,16.952930707839077,18.715009351745742,20.68158480497668,22.57316981276811
7940.0,15.155254943764643,0.2898558712161821,16.98496747183942,18.77641903288944,20.758492211945676,22.574529239470646
7960.0,15.174235821935449,0.26719171168769285,17.00893776789528,18.835222937232093,20.783588233439566,22.74293522266417
7980.0,15.20276875238459,0.3056598895182502,17.126842804618544,18.881281913070325,20.827990554166867,22.72990691007843
8000.0,15.25307974205936,0.313254761409988,17.104633905810953,18.987165839862087,20.827649049913198,22.708507147557253
8020.0,15.273303745858561,0.3230049661859616,17.1323454783077,19.05264475171463,20.96375037294233,22.755180608811433
8040.0,15.302347796447961,0.24574262053518742,17.08435946867166,19.041918087104072,20.99241149325631,22.90115708460859
8060.0,15.352153326166572,0.30432820144304074,17.070472016100297,19.049324537346894,20.95676778317668,22.89870793362462
8080.0,15.405877909826867,0.2466431764363337,17.178900886740543,19.03467794207942,21.04685323010326,22.955342208174073
8100.0,15.44315602292861,0.23553934414005825,17.23798735914963,19.135412988189035,21.00480641601274,22.958075794190595
8120.0,15.4642045258043,0.30983056916821866,17.17650027638739,19.122244780179585,21.0996768870258,22.96508701915287
8140.0,15.479193102910216,0.3503223647128447,17.266964810111553,19.112414901648215,21.131799127360868,23.09157084005807
8160.0,15.502728833453332,0.36264856778619725,17.310058866286617,19.167669947542407,21.231649079236934,23.092211920974684
8180.0,15.527553429204904,0.20573772030623422,17.296627733052127,19.318991205409574,21.241729279173565,23.13630671163532
8200.0,15.552988159283998,0.15343345166252895,17.3883230961826,19.291038686886385,21.276589057615304,23.164346354221884
8220.0,15.575862467879855,0.25090242648688144,17.411881529045637,19.224403009039463,21.268736860903314,23.194977113554494
8240.0,15.599679235093168,0.3278555222841099,17.461406422884387,19.288817852633848,21.289582322113155,23.20133367708273
8260.0,15.63695092315415,0.26835152575334964,17.483507834428913,19.3494142630315,21.3112389287924,23.26387711108425
8280.0,15.660305620070272,0.27004561464922544,17.54249709821505,19.405042207911045,21.394601668531276,23.229755232359675
8300.0,15.716956648476478,0.2323946693431885,17.63289411006159,19.386467709318993,21.412521394534203,23.278482714283548
8320.0,15.816300954893563,0.2825604058149038,17.719053097325997,19.414289328707266,21.43958401210667,23.363554801114624
8340.0,15.857088454379952,0.19097488723322198,17.704303696474195,19.48162992091538,21.484653626328445,23.35924504429507
8360.0,15.888857691187443,0.32087978065999245,17.8172740128725,19.567354755468152,21.530069265460604,23.485667625367984
8380.0,15.94149502579199,0.2721355288492903,17.882665637551696,19.60896803880198,21.591984550838966,23.578709109388257
8400.0,16.006088170653875,0.2593834355399577,17.97227935332879,19.679191274171842,21.66187326156826,23.54668212601079
8420.0,16.030710386077363,0.33562884058301756,17.96665756142329,19.739999464078352,21.64953668703665,23.59129104027949
8440.0,16.06659717101515,0.28210056878300604,17.950126248712536,19.72224766487148,21.724078185523837,23.67196646476015
8460.0,16.091376175487632,0.2501533815498739,17.943879003532913,19.72112590786664,21.72629629453127,23.67706267543186
8480.0,16.115430618935047,0.18361601920466875,17.91715094023886,19.74072659918378,21.739021041444538,23.685411357322767
8500.0,16.141638006188096,0.1959264947230443,17.948073567850226,19.818246786736488,21.72417277905813,23.603636151452754
8520.0,16.161996191635506,0.29729078851603685,17.95258400137109,19.85776654432238,21.78188692786797,23.63069591981056
8540.0,16.181386312649618,0.3072169722463406,17.961014704524576,19.855203581369434,21.85536946610764,23.708694290204324
8560.0,16.208650373219076,0.30360870988620564,18.009783715746913,19.881398392847448,21.929172011683608,23.79815182240329
8580.0,16.242620008225707,0.2691481032409423,18.051234325168817,19.934247400086996,21.89333864937473,23.884121613572106
8600.0,16.27676137006934,0.23511125717567113,18.107588766714485,19.927100539301897,21.978753345970496,23.84148795389273
8620.0,16.314787856904395,0.23599016189259556,18.12737249624384,19.969992006102114,21.95944702840088,23.910725718677472
8640.0,16.342823922373288,0.2202674580882479,18.168982712483963,20.055347540617912,22.062931672778866,23.858570977657397
8660.0,16.363770036646002,0.26619673175810193,18.191192524886304,20.067289183668066,22.11964689129761,24.011704662815625
8680.0,16.39126945501193,0.337707291196636,18.234169833347952,20.057750925776624,22.111124161527176,24.069573481424023
8700.0,16.416336382996175,0.23734645966760443,18.159015205663927,20.154396184975646,22.196345431002634,24.017143387924445
8720.0,16.437569502587795,0.20124303035337637,18.222474350096633,20.159127919175695,22.249026436767263,24.123179309803092
8740.0,16.4595596520756,0.3021907204408303,18.24014238098925,20.119132617902466,22.210373265460976,24.171656706001116
8760.0,16.531516829142298,0.25054993327321573,18.349965818879728,20.065646932119826,22.136401335898775,24.18457249658405
8780.0,16.55868244446883,0.22816721151850244,18.36718104090939,20.128127059327245,22.11696813006423,24.064417300420157
8800.0,16.585674381397194,0.26048928706447233,18.466707117575442,20.14933153984378,22.165277581489583,24.140615679673928
8820.0,16.648075733169392,0.3018521721867643,18.50231951825861,20.282923812788823,22.241662497446164,24.143230108772485
8840.0,16.670896924686353,0.2791310780606896,18.531505726910417,20.33170726471741,22.310821087025875,24.24657774590978
8860.0,16.689615962159966,0.357750226462567,18.56419562426029,20.351833788381963,22.377263609823025,24.307198865289397
8880.0,16.71842448826585,0.3112844513474645,18.476014929024334,20.45618528397285,22.444884075295242,24.392206492162167
8900.0,16.736018068041496,0.3151447153579846,18.604374516594657,20.423072940640658,22.48087346463783,24.410735391224968
8920.0,16.775988194795946,0.24511612856433876,18.66196763514602,20.469465444893324,22.467917813963773,24.49583336584606
8940.0,16.802370134648644,0.20511777904404785,18.550056187655848,20.507425630063693,22.56872500638884,24.556708652874057
8960.0,16.822597496156906,0.18106197419025166,18.564931080552523,20.545991790976718,22.536131549184155,24.513203362385642
8980.0,16.84511995797161,0.24951683766946514,18.64505241184943,20.518230233645404,22.53565072004107,24.57129869957208
9000.0,16.869859463305623,0.2574377076995814,18.613463565133998,20.6076770286673,22.557015196783308,24.568696037278734
9020.0,16.89066313402125,0.2294013922286172,18.62145913304405,20.693156788764565,22.679594556831827,24.613841982253582
9040.0,16.928198838155925,0.27475327921985315,18.675227314034625,20.652977825047014,22.769438770781623,24.707731369550395
9060.0,16.95554028313964,0.2535043102895367,18.785106695669135,20.682279833294587,22.692640561616525,24.760476434274374
9080.0,16.988946651257248,0.20363981028762948,18.761912031383876,20.749153277336884,22.71925713097158,24.695870616152405
9100.0,17.02564476077859,0.2281400846303494,18.85471375720291,20.69809165706545,22.804709240852727,24.741373339372736
9120.0,17.067972393864494,0.23759758872309517,18.897915787987223,20.68597330952008,22.765898604836384,24.706629080226524
9140.0,17.134959632670025,0.32818256553001934,19.001524611378695,20.734311721973743,22.71700680024302,24.704613197067452
9160.0,17.17940968895881,0.21657143606871748,19.00421091537397,20.85479511989657,22.818288752626135,24.642970206730787
9180.0,17.20662463837586,0.20158754178924232,19.025339253086106,20.81922174907231,22.81652058332981,24.710569165692984
9200.0,17.249724273404304,0.3480088915363005,19.12382207042181,20.816733471577678,22.84603498397828,24.754922508800757
9220.0,17.27018481372081,0.2865847928286012,19.140472772854302,20.94099453363605,22.89914567876612,24.90154172672488
9240.0,17.289513983895247,0.3448053514030088,19.040521010992144,21.01949459692596,23.014213098978168,24.918329087179227
9260.0,17.30847299878783,0.2817417490032519,19.13086751352611,21.022961016593364,23.0830874497207,25.055056491014163
9280.0,17.33281768910467,0.20023594261359579,19.132577947975964,21.072919741341927,23.052072769322656,25.0746510275196
9300.0,17.36291303420039,0.2066713800266987,19.175905661540128,21.17220551874662,23.095634275042876,25.04797013417042
9320.0,17.391407461892587,0.24082682154973897,19.106729585144052,21.166374584813486,23.11675421583461,25.038687703812478
9340.0,17.41788156907995,0.19090304306611494,19.179849506522935,21.153311322972534,23.133728932014087,25.06829675039404
9360.0,17.448730556608133,0.2549179802873923,19.212864447345687,21.146409574441407,23.122014948651024,25.108767810237033
9380.0,17.508316220992974,0.24342867415543132,19.243714357263737,21.227310104461466,23.16581343397052,25.077923976332446
9400.0,17.530023671194733,0.22436004306063548,19.215693458271648,21.2471459405436,23.25810824820674,25.052553803436933
9420.0,17.54612852321315,0.2609074393812735,19.2654495934049,21.226659096967694,23.27927848617816,25.216100620100082
9440.0,17.58352390955265,0.34869786966677907,19.37366167445504,21.236446414049855,23.217672309945296,25.25031363414744
9460.0,17.609876361033763,0.21715834039162255,19.406140040519674,21.301516542558254,23.314886667350432,25.288794717586097
9480.0,17.67621723866813,0.2444660116264111,19.50543757157897,21.35592469982588,23.331089637061805,25.252412001568068
9500.0,17.696802056522746,0.26862537603867803,19.56718896345655,21.308660346419554,23.378425233671784,25.326458142131077
9520.0,17.727980490463125,0.25905976708945555,19.578748000666685,21.38679557057127,23.396601205397424,25.373200927917757
9540.0,17.758946615427362,0.24156035965600964,19.596858925322852,21.434745904010093,23.52686149460933,25.31878770982517
9560.0,17.7802761533314,0.2445706137631775,19.59637047268379,21.484198183766182,23.538696424785506,25.49370316736532
9580.0,17.796331372763063,0.2881678592837391,19.66232384529629,21.503760125137607,23.513679950833243,25.506430226237978
9600.0,17.82817571168276,0.17178733645148522,19.6322655284114,21.631443957453744,23.559312529964988,25.482622321336855
9620.0,17.86387019463496,0.22188635176348348,19.684446901521923,21.59283118122557,23.6734607474909,25.491944762679974
9640.0,17.902729719988816,0.21992668012487737,19.712822996299305,21.622459189165788,23.617099518207194,25.561089764612145
9660.0,17.94840416666687,0.29407347780806553,19.75515060525641,21.70922448596171,23.68308411275179,25.572665781375644
9680.0,17.976262470674214,0.2523419789611149,19.794067619926118,21.72148368254505,23.735518123948147,25.63442301136346
9700.0,17.99428601890761,0.26379122113694287,19.78128753326179,21.797661697983433,23.792521224414624,25.673166557610102
9720.0,18.010411690363764,0.3427384289530141,19.837920617383887,21.801670338785257,23.879069272132035,25.754370109925343
9740.0,18.033248400305304,0.312817321181921,19.8327280453205,21.865274996238064,23.888972722723103,25.835981329142225
9760.0,18.052940910627605,0.2614410329642436,19.805773064886818,21.86904619290656,23.94050712280913,25.847052029421302
9780.0,18.06995126944654,0.3065924775417176,19.913600574116142,21.831128532115436,23.952930348007097,25.954592967147185
9800.0,18.093890553630036,0.2933983871439042,19.870321694901627,21.864603871758188,23.926646574059287,25.917763190684138
9820.0,18.115079888860407,0.19399950720833364,19.835253083876765,21.89281787826384,24.007020786970756,25.877019638894957
9840.0,18.144149304009453,0.19152259634973223,19.84941293315473,21.9402054380438,23.98454850569377,25.985299536823742
9860.0,18.164889501335036,0.22228200447063684,19.93167354093186,21.909628633409334,23.980981680143437,25.867982116136734
9880.0,18.19462185446195,0.2547113462696299,19.919626748503756,21.949258367332895,23.976769111602813,25.96386015065047
9900.0,18.21463239626722,0.23628744146300845,19.909283409921738,22.016144898851895,24.071815611266246,25.96533684628708
9920.0,18.235127147750465,0.19243759787991468,19.930387140777167,21.98808922470443,24.072515779928274,26.02117295131771
9940.0,18.255999302650846,0.22570828850426322,19.993664040244838,22.0109020352752,24.055646391330253,26.06256200939564
9960.0,18.27785917353685,0.2287438133082309,19.98825809614244,22.03022746656325,24.159543906618865,26.083177908969247
9980.0,18.304423254893386,0.20968355795141366,20.055910334782702,22.05865424943669,24.136528213112324,26.045608094043917
10000.0,18.35028841615835,0.3300458632323733,20.13262107954899,22.090391078200806,24.15237632093376,26.110053999644055
