Timestep,agent_0_x,agent_0_y,agent_0_velocity,agent_1_x,agent_1_y,agent_1_velocity,agent_2_x,agent_2_y,agent_2_velocity,agent_3_x,agent_3_y,agent_3_velocity,agent_4_x,agent_4_y,agent_4_velocity,agent_5_x,agent_5_y,agent_5_velocity,agent_6_x,agent_6_y,agent_6_velocity,agent_7_x,agent_7_y,agent_7_velocity,agent_8_x,agent_8_y,agent_8_velocity
0,0.0,-3.0,0.0,0.0,-1.5,0.0,0.0,0.0,0.0,0.0,1.5,0.0,0.0,3.0,0.0,0.0,4.5,0.0,0.0,6.0,0.0,0.0,7.5,0.0,0.0,9.0,0.0
20,2e-05,-3.00023,0.001154233555369422,0.03649,-1.493,1.030578615480373,0.08993,-0.0,1.5915495162256659,0.06015,1.49183,1.3058561658056973,3e-05,2.99971,0.003449891578866746,0.12341,4.4719,1.5325725007975393,3e-05,5.99967,0.004859222251440578,2e-05,7.50004,0.0005947104630668513,-1e-05,9.00028,0.0023516966909178263
40,0.10859,-3.07525,1.4852825804934853,0.23131,-1.48832,0.21995060878862005,0.2391,4e-05,0.13161727429190823,0.23546,1.48801,0.17083578957038215,0.0026,2.99666,0.41713884616672187,0.23869,4.4639,0.10316518658741025,0.02183,5.97558,1.1526404381617292,8e-05,7.50121,0.007501423340205593,0.185,9.0935,0.5147406394705183
60,0.19907,-3.10779,0.28313288191535163,0.24358,-1.48883,0.011184443367425193,0.30011,0.0009,1.2637746835367563,0.27715,1.48052,0.9990015761950576,0.14143,2.95787,1.331915587062523,0.32645,4.43709,1.560963268754002,0.17257,5.91675,0.7117253427144221,0.11269,7.50486,1.663912224116348,0.2177,9.10335,0.10518646249396074
80,0.22713,-3.12095,0.6317456672737212,0.4282,-1.56086,0.6223246978900459,0.47587,0.00082,0.21292021402222197,0.4714,1.47447,0.2570553676332633,0.23632,2.94789,0.10124895285956581,0.47481,4.42565,0.15418822800430518,0.22768,5.90099,0.4405316576618112,0.23941,7.50546,0.12822477669363255,0.29794,9.07785,1.488963789077906
100,0.41799,-3.13693,0.5572337750490107,0.47263,-1.56934,0.0798369530744702,0.49373,-0.00061,0.3290776050238791,0.49002,1.47387,0.032987764204845345,0.40795,2.92707,1.034196672351725,0.49473,4.41311,0.8245489330312948,0.40306,5.83364,0.6909238595200703,0.29872,7.45433,1.4140561432577605,0.44564,9.06757,0.25456371873803696
120,0.45805,-3.14006,0.43515768191877185,0.49976,-1.56326,0.8625437976709825,0.64088,-0.0058,1.2757599990556445,0.61041,1.46351,1.587879387560225,0.47077,2.92387,0.17401272462507864,0.64541,4.33993,0.8367098507983366,0.44819,5.82222,0.13571249060378993,0.43631,7.41427,0.42740241429049786,0.47432,9.0531,0.9679053641274447
140,0.53904,-3.14415,1.5654148101594336,0.61095,-1.55907,1.424321778378707,0.70607,-0.00656,0.4152417151455537,0.6966,1.46172,0.5195476956509639,0.50756,2.9109,1.0078497066080099,0.69047,4.32442,0.763518587257048,0.50448,5.78865,1.3396332462032832,0.47094,7.39648,0.9923344811680339,0.57282,9.01386,1.5578382370384396
160,0.64789,-3.14559,0.7334857984522568,0.70476,-1.56273,1.4125775100043527,0.78584,-0.01442,1.547617201528341,0.75678,1.45544,1.2619792774202905,0.6243,2.90083,1.309455068820752,0.78858,4.27358,1.5911436186969232,0.61707,5.76469,0.9113366476512097,0.57998,7.36649,1.4420028087551908,0.65922,8.9965,1.061286008181263
180,0.75415,-3.14585,1.7517040107160704,0.83229,-1.5689,1.099751464805328,0.89742,-0.01771,0.771766565151652,0.87763,1.45144,1.0758113504932607,0.70889,2.88906,1.3217391970190164,0.87065,4.25009,0.531084471770555,0.69931,5.73664,1.5673511647467007,0.65879,7.3531,0.9520452422397749,0.77501,8.95379,1.4036070336437283
200,0.85401,-3.14595,0.5957084401264771,0.88736,-1.57211,0.6737547007409734,0.96996,-0.02682,1.3996789182211633,0.9449,1.44546,1.116470567576591,0.83476,2.87518,1.156992429708777,0.95775,4.20753,1.6966666297595236,0.81396,5.71355,0.8438544759345792,0.77246,7.3178,1.478865678834947,0.84562,8.93706,0.4501853543288253
220,0.91504,-3.14749,1.2700334806119469,0.98786,-1.57573,1.6717854765510514,1.09019,-0.03277,0.9655329428243458,1.06703,1.43915,1.2717872462712212,0.89327,2.86782,0.727401943951347,1.05626,4.18341,0.6342895880645725,0.86869,5.69515,1.1264374706006082,0.84944,7.30393,0.4582605940792012,0.92714,8.8968,1.6208567537371015
240,1.07661,-3.14866,0.45397900445087624,1.10369,-1.57744,0.2802376973068799,1.16077,-0.04159,0.8277087463060238,1.14849,1.43412,0.5630210113648512,1.0661,2.85261,0.8892079456810871,1.1039,4.19074,0.8775981949589969,1.03609,5.66268,0.5785723158607251,1.01149,7.25701,1.0897041300932302,1.0567,8.86911,0.344265497153905
260,1.11395,-3.15064,0.8487354538565135,1.1717,-1.58878,1.400971343247984,1.26958,-0.05036,1.4905575022635356,1.23766,1.42436,1.6536247480603536,1.10875,2.85038,0.274957484958443,1.21317,4.19967,1.3223341821365482,1.06945,5.65591,0.6098509983380429,1.06432,7.24792,0.33749532986101677,1.10454,8.83907,1.2457287337663137
280,1.25451,-3.15296,1.1841969249077566,1.30313,-1.59431,0.6005526636128865,1.36114,-0.05643,0.8124963543120088,1.35053,1.42043,0.4797962113359113,1.20807,2.84161,1.6788253241234705,1.30252,4.19285,1.1081950087179946,1.1925,5.62747,1.4770472903306493,1.13744,7.21317,1.4401336316927034,1.24007,8.8063,0.7939124480489504
300,1.316,-3.15554,0.7586616685471226,1.36894,-1.60206,1.3308108149853004,1.46968,-0.06878,1.5811587648462233,1.43506,1.40926,1.6055980809812118,1.30924,2.83916,0.6113839535053897,1.41903,4.17813,1.1649073028177317,1.27022,5.6198,0.45489554111803104,1.249,7.19383,0.8343022020979062,1.29437,8.7849,1.2300964547961188
320,1.42219,-3.16557,1.631304881361967,1.48965,-1.60676,1.0168399496390397,1.55498,-0.07325,0.513552298982266,1.54492,1.40449,0.7410267382008865,1.37402,2.83217,1.311124663893774,1.47955,4.17033,0.79595487822885,1.35213,5.59952,1.575678481734283,1.30464,7.17523,1.1947467555980635,1.41024,8.74797,1.2422689406275167
340,1.51202,-3.16915,0.5009638953918137,1.55377,-1.61425,1.104185594240436,1.64318,-0.08686,1.6505264942046711,1.61446,1.39414,1.3595707105928334,1.49547,2.82768,1.0487199695679703,1.5856,4.15463,1.6202968702395766,1.46133,5.58956,0.7377428742720652,1.42192,7.14318,1.2563697298255552,1.47508,8.73167,0.9070645783379743
360,1.68073,-3.18586,1.1167551737733201,1.72593,-1.62466,0.5402070169347256,1.77694,-0.09445,0.3263220479008087,1.77132,1.38557,0.4330349707025653,1.58822,2.81892,1.1878859449497452,1.69339,4.14784,0.09914554292688056,1.54473,5.60744,1.3103990113824464,1.51386,7.11854,1.0774207781004987,1.64388,8.67659,0.7291416310364256
380,1.73444,-3.18867,0.3216143636017619,1.75772,-1.62835,0.5652617018603905,1.82395,-0.10545,1.1172643754434433,1.80734,1.37768,0.8513000831803872,1.7088,2.81405,1.1352910091222945,1.74667,4.16526,1.2458812968763333,1.65664,5.6165,0.8832398931195953,1.62716,7.08699,1.352963040737213,1.68072,8.66789,0.25356600615125846
400,1.7813,-3.1994,1.1192477622582169,1.84748,-1.63687,1.6533302146490476,1.94232,-0.11306,1.1671275409271467,1.91782,1.36781,1.4802057268904052,1.76731,2.81016,0.7412672921190769,1.86283,4.17344,0.9904329635873452,1.71399,5.6258,1.054814716038139,1.69589,7.07566,0.4311939761317367,1.74618,8.63945,1.4006580450776809
420,1.90096,-3.20691,1.1975496755305215,1.94843,-1.63999,0.6162145865618665,2.01697,-0.12228,1.2173593218459566,1.99991,1.36189,0.9381725391818942,1.87207,2.80152,1.6240571052818749,1.94992,4.17733,1.5532860383886802,1.83409,5.63514,1.3140539559687137,1.77616,7.04779,1.5783287107201145,1.86095,8.62546,0.8812342758054871
440,2.0522,-3.21652,1.678426497767707,2.11778,-1.66123,1.0857783268083543,2.18449,-0.13448,0.5370527632258348,2.17496,1.34489,0.809709169590142,1.98164,2.7975,0.2858160248210918,2.09878,4.17943,0.38806850716547464,1.90615,5.63552,0.40998328227373065,1.91082,7.02888,0.3617962877333993,2.01739,8.5877,1.3763899131038135
460,2.156,-3.21954,0.40560883393308517,2.1763,-1.66561,0.2503415287480921,2.21956,-0.13904,0.5359969287158842,2.21781,1.34193,0.19084804080162196,2.08279,2.78374,1.699794760213025,2.12559,4.16824,0.7425024867417905,2.00456,5.58512,1.5446059095594178,1.98653,7.00371,1.4410130024772014,2.09487,8.57635,0.32392946375200815
480,2.18044,-3.22235,0.5434482256364261,2.21832,-1.67168,1.0526901977599348,2.30421,-0.15172,1.5951871098243897,2.27872,1.32688,1.3267533558774598,2.18168,2.77955,0.5921976498747966,2.21837,4.14385,1.666240378163821,2.08651,5.56931,0.5265101075606534,2.09946,6.99118,0.8324016857583433,2.12431,8.5619,0.8844439281768854
500,2.26506,-3.23682,1.6077793328056724,2.336,-1.67526,1.237228067034819,2.40735,-0.15635,0.6594864497654337,2.39521,1.32001,0.9473410836576052,2.24633,2.75705,1.3812342819419667,2.3151,4.13223,1.1317814627757168,2.1738,5.53904,1.6518992971912465,2.15555,6.97789,1.0843175492720938,2.23075,8.53809,1.5095235472340007
520,2.36989,-3.24198,0.667356713737445,2.41505,-1.68396,1.2524796923163792,2.50758,-0.1694,1.787280629048952,2.47911,1.30607,1.5228922175138497,2.36329,2.73171,0.9851796858769295,2.43816,4.10974,1.3867469548426135,2.27911,5.52398,0.6839416301708017,2.27462,6.96073,1.303176667920414,2.31403,8.52665,0.9928148819832993
540,2.47112,-3.25155,1.7800925280568958,2.54,-1.69503,1.1880198950696428,2.60956,-0.1751,0.6205078757829102,2.59848,1.29649,0.9117263481998931,2.42513,2.71159,1.1783902234795798,2.50905,4.10163,0.4169005940228923,2.34606,5.49912,1.3853805168442406,2.34381,6.95214,0.8595306808139961,2.43,8.50191,1.4728713409720202
560,2.57305,-3.25544,0.6185284690671968,2.60083,-1.70104,0.7369664045167345,2.67264,-0.18643,1.2930709262657814,2.65436,1.28529,1.0272701578745713,2.54453,2.68505,1.2603909962494533,2.58923,4.07315,1.5802228519144108,2.46389,5.47834,0.9758856643547535,2.45399,6.9335,1.5733802003905983,2.50687,8.49291,0.46196111975210746
580,2.63602,-3.26588,1.2999439477476746,2.70486,-1.70963,1.6315168314803037,2.79277,-0.19383,1.0366649335916827,2.77221,1.27203,1.336774000742796,2.60989,2.67288,0.8436936727334746,2.69786,4.05795,0.7364384734865427,2.52527,5.46019,1.1596560625063546,2.53869,6.9267,0.4825922215746409,2.59029,8.47182,1.604046647240742
600,2.75674,-3.27293,1.0435839574254977,2.7941,-1.7128,0.5405047182012572,2.85828,-0.20264,1.120694023834334,2.844,1.26489,0.8763311738439309,2.71667,2.64313,1.568873549067202,2.76806,4.03573,1.4013100637471316,2.64462,5.43518,1.2764737341445886,2.62456,6.90783,1.6314424335291768,2.69907,8.46235,0.7186122696394307
620,2.82228,-3.28058,1.1134664638075018,2.88463,-1.72619,1.6761608281965563,2.9802,-0.21201,1.2715094606238888,2.95401,1.24034,1.5561615538799276,2.80063,2.63168,0.5052981086147615,2.88692,4.0196,0.9633797105418218,2.71125,5.42368,0.8477630821122641,2.73185,6.89901,0.7010763989333052,2.7689,8.4451,1.3855633628141504
640,2.94456,-3.28814,1.2789708710628551,2.99103,-1.73196,0.6817885027274949,3.04722,-0.21774,0.8082801692662386,3.03754,1.23114,0.4792600810757846,2.88755,2.60561,1.653796709240199,2.94756,4.00292,1.1690843646720355,2.81839,5.39492,1.5683019995651963,2.80152,6.88247,1.3872840348112838,2.88907,8.43326,0.9814933041855701
660,3.0117,-3.29292,0.7923833685649295,3.0584,-1.7388,1.3382983833479256,3.15484,-0.23145,1.5958281962009109,3.12217,1.20299,1.6259957150834214,2.99468,2.59252,0.7020025151153972,3.06642,3.97637,1.2614304508184857,2.90305,5.3839,0.4962016633324999,2.92168,6.8706,0.9828648113771236,2.95023,8.42029,1.09348434994646
680,3.11986,-3.30328,1.5963569914962399,3.17886,-1.74255,1.0056194166579777,3.24146,-0.23643,0.5098681992074411,3.22832,1.18819,0.6997197434168654,3.06155,2.57229,1.3570916999492302,3.1324,3.96417,0.8661644537433393,2.98792,5.35762,1.62028124496286,2.98305,6.8578,1.1015734789356053,3.07013,8.40586,1.2804670207294941
700,3.20691,-3.30699,0.5026413196095461,3.24248,-1.75281,1.1248853381453026,3.3286,-0.25171,1.6315005900150628,3.29657,1.18038,1.3451495586273543,3.18087,2.55729,0.9971229754888717,3.24069,3.93368,1.564598500512048,3.09498,5.34433,0.7131429668888964,3.10293,6.84232,1.2771326191426988,3.13785,8.39788,0.87285564363651
720,3.29458,-3.3194,1.6530183916903973,3.36377,-1.76773,1.2703279826571097,3.43587,-0.25867,0.6995861063757196,3.41703,1.17687,1.007047892409716,3.24335,2.54281,1.1176436320909902,3.32395,3.92206,0.49065172503602267,3.16348,5.32287,1.386171747141287,3.17069,6.83432,0.859734762071837,3.24764,8.37872,1.5787526735503323
740,3.40326,-3.32479,0.7133924746561581,3.4304,-1.7734,0.7791397356323709,3.50508,-0.27284,1.3737708750867492,3.48028,1.17306,1.0737839051102358,3.36359,2.52566,1.2772395770090552,3.4097,3.89391,1.6417010675063575,3.28286,5.30631,0.9900962871486298,3.28053,6.81376,1.5730567546609997,3.33239,8.37179,0.4861141760273025
760,3.47145,-3.33619,1.3568767763991703,3.5391,-1.77617,1.595084531268735,3.62469,-0.28263,0.9760109128976462,3.60114,1.16959,1.2936044413705807,3.43069,2.517,0.8437076528790578,3.5156,3.87969,0.6871354566532881,3.3442,5.29055,1.120970950629151,3.36507,6.80629,0.48580119299821345,3.41815,8.35109,1.6339869373416647
780,3.59188,-3.3438,1.0001876396550715,3.62635,-1.77723,0.49967517117415367,3.68691,-0.2929,1.100489264894677,3.66981,1.16627,0.8316944108572577,3.53883,2.49775,1.57703540334849,3.58394,3.85907,1.3797832496086544,3.46348,5.27002,1.2825684921412468,3.45112,6.78499,1.6360184065541477,3.52516,8.34151,0.6894414900608136
800,3.65484,-3.35067,1.088869755996785,3.71272,-1.79805,1.6303301023774528,3.80776,-0.30387,1.2755404684590679,3.77798,1.13831,1.5629808057329126,3.62413,2.49071,0.503665635290863,3.70327,3.84439,0.9801745137785646,3.5311,5.26019,0.8474283519216423,3.55763,6.77489,0.6892666812205787,3.59455,8.32264,1.390025084496158
820,3.77659,-3.35674,1.2940861407320576,3.81928,-1.80838,0.695223471236605,3.87527,-0.31028,0.8379598474511396,3.86169,1.12724,0.4977928671494978,3.71094,2.47268,1.6406108102226094,3.76494,3.82953,1.124159758684711,3.6383,5.23565,1.5740377283356046,3.62721,6.75631,1.3931887331897266,3.71442,8.30898,0.9776372859481961
840,3.84483,-3.36107,0.8236129631599516,3.88839,-1.81565,1.353145641814369,3.98412,-0.32572,1.5689777880711429,3.94758,1.1232,1.624472927322833,3.81814,2.46447,0.6963114872336816,3.88491,3.81101,1.2721494814103815,3.72337,5.2264,0.5021944815387763,3.74704,6.74265,0.981820443897737,3.77539,8.29464,1.1071524370055301
860,3.95322,-3.37649,1.582987883036465,4.00815,-1.81928,0.9845580914715185,4.06882,-0.33127,0.5093115870829924,4.05758,1.12175,0.7442943820192423,3.88679,2.45017,1.3634573868395599,3.95189,3.80185,0.8248602127096836,3.80961,5.21908,1.618502495328093,3.80819,6.72872,1.1091456524586878,3.89508,8.27794,1.275027044022843
880,4.03914,-3.382,0.5032436303463173,4.07128,-1.82985,1.1310230962460461,4.15616,-0.34475,1.6416586712308103,4.12643,1.10448,1.3754845958840491,4.0065,2.44053,0.9876816843776624,4.06079,3.78793,1.5744527007654072,3.91933,5.21618,0.745297187812859,3.92779,6.71126,1.2767150161417231,3.96245,8.26923,0.8749082006851341
900,4.12684,-3.39349,1.6535545743975335,4.19238,-1.84561,1.2687003194992137,4.26417,-0.3507,0.7112196866921496,4.24541,1.08838,0.9895387323246957,4.06893,2.43009,1.0956084001201525,4.146,3.78286,0.5068622828668174,3.98795,5.20832,1.3399116983974328,3.9954,6.70267,0.8560817308748027,4.07214,8.24652,1.5713800503450657
920,4.23562,-3.39827,0.7141410450877486,4.25876,-1.85347,0.7968569872104954,4.33271,-0.36278,1.3554775034956215,4.30725,1.08127,1.0644594301817427,4.18973,2.41905,1.2834413992750804,4.23337,3.76385,1.6470961285716816,4.109,5.2032,1.0341537962236962,4.10518,6.68108,1.5716708593652737,4.15618,8.23823,0.4868821982234903
940,4.30377,-3.41137,1.3577012774014974,4.36701,-1.86329,1.5882834005107667,4.45264,-0.37082,0.9919171789627298,4.42771,1.07768,1.3016387934098992,4.25752,2.41252,0.8155070224735773,4.34083,3.75477,0.7043455153504922,4.17249,5.19478,1.0759391925871682,4.18979,6.67316,0.48199263205147,4.24185,8.21743,1.6320274590665822
960,4.42389,-3.42072,0.9974512285825659,4.45305,-1.86689,0.5127461469046397,4.51552,-0.38034,1.097810338350513,4.49702,1.07432,0.8370940120865662,4.36596,2.39949,1.584242453923863,4.40909,3.73958,1.3630592978362381,4.29279,5.18492,1.310259713748436,4.27526,6.65257,1.6322646569404289,4.34892,8.20797,0.6905958363455212
980,4.4868,-3.43055,1.1007641592602735,4.54129,-1.88364,1.6528477370610526,4.63652,-0.39086,1.2832044041672706,4.60512,1.04885,1.5562399359004333,4.45169,2.3947,0.5063937330833044,4.5288,3.72934,0.9881018601294489,4.36234,5.17891,0.8355828973588834,4.38291,6.64279,0.7089011200424876,4.41831,8.19036,1.3848750403619154
1000,4.6084,-3.44094,1.291266283080935,4.64851,-1.8912,0.6890623666444802,4.70426,-0.39704,0.8185933803789507,4.68864,1.03905,0.5062642936379116,4.53897,2.38169,1.6413746331067343,4.59147,3.71822,1.1072698546298045,4.47053,5.16301,1.5810610035669932,4.45222,6.62547,1.3833586616346758,4.53849,8.17804,0.9829679537398609
1020,4.67627,-3.44698,0.8115899527522302,4.7168,-1.90383,1.3607533405604326,4.81252,-0.41096,1.5863429186025122,4.77533,1.03628,1.6301296993890597,4.64655,2.37603,0.702886239601261,4.7126,3.7058,1.2822315448563997,4.55636,5.15713,0.5043495138332446,4.57243,6.61294,0.9930132128460193,4.59968,8.16393,1.1059383722570804
1040,4.78458,-3.46029,1.5880126715138434,4.83655,-1.91177,0.9819423590760106,4.89884,-0.41603,0.5021538944777142,4.88485,1.03532,0.7370000326233263,4.71542,2.36541,1.3588780265746438,4.78013,3.69895,0.8320475102023203,4.64308,5.13792,1.6344446455778512,4.63399,6.59983,1.1008237567281471,4.71936,8.14672,1.272919741193751
1060,4.87086,-3.46506,0.5041740134298169,4.89942,-1.92167,1.1087875306732096,4.98577,-0.4285,1.6385948925708775,4.95353,1.01773,1.377675229704983,4.83541,2.35855,0.990337094140491,4.88856,3.683,1.579546921797285,4.74998,5.12875,0.697436356235345,4.75385,6.58371,1.2812198616712667,4.7866,8.1378,0.8743379457449137
1080,4.95852,-3.4795,1.6529648791795863,5.0208,-1.93243,1.2761492037787512,5.09349,-0.43399,0.7044116854880659,5.07222,1.00092,0.9813198664413917,4.89807,2.35051,1.0875038523931144,4.97411,3.67725,0.5063554492489061,4.81864,5.11067,1.3713101542790052,4.82177,6.57559,0.8523329900018999,4.89628,8.11533,1.5724504336905487
1100,5.06708,-3.48585,0.7133797691812293,5.08792,-1.9387,0.8118852847164991,5.16254,-0.44503,1.3566024271216346,5.13403,0.99413,1.0696798085089263,5.01879,2.34237,1.2811766354841896,5.06182,3.65796,1.6528127846435163,4.93758,5.09707,0.9804954586557039,4.93143,6.55526,1.5827154239416452,4.98041,8.1071,0.4862104469451874
1120,5.13513,-3.4966,1.3532068035661373,5.19684,-1.94998,1.5768116525404319,5.28244,-0.45228,0.9917673015120192,5.25464,0.99103,1.296565009297926,5.08669,2.33709,0.8068641869221296,5.16966,3.64898,0.7072095703670278,4.99956,5.08249,1.128974384288779,5.01686,6.54785,0.47806493115790105,5.06609,8.088,1.6302525544606068
1140,5.2557,-3.50333,1.0043514080593823,5.28199,-1.95409,0.5120632769609268,5.3452,-0.46118,1.0942581602791812,5.32367,0.98872,0.7929054786708424,5.19542,2.32702,1.5828682511950711,5.23744,3.63182,1.365287757247788,5.11938,5.06292,1.2741343032445815,5.10226,6.52777,1.6309980149546053,5.17348,8.07948,0.6947297215788125
1160,5.31887,-3.51142,1.094555154055266,5.37019,-1.96717,1.649848150791396,5.46594,-0.4709,1.2743270715046353,5.43283,0.98453,1.5823573382031528,5.28134,2.32336,0.5046434937163508,5.35701,3.61943,0.9896334397430311,5.18636,5.05339,0.8465407513411806,5.21008,6.51829,0.7119102900014154,5.24299,8.06263,1.3848007482680418
1180,5.44041,-3.51985,1.2897079846283355,5.47772,-1.97277,0.6954258360461142,5.53355,-0.47655,0.8155250570728695,5.51911,0.98304,0.5003457158554535,5.36856,2.31345,1.6392420097920257,5.41959,3.60503,1.140576644090776,5.29415,5.02947,1.5692593767830727,5.27943,6.50125,1.3847897590736737,5.36328,8.05086,0.9845846657882683
1200,5.50839,-3.52521,0.8138002724871861,5.54635,-1.98752,1.3686585361657517,5.6432,-0.48676,1.575409227957339,5.6058,0.95791,1.64933101029382,5.47664,2.30923,0.7095840411589974,5.53995,3.58511,1.2758732304080782,5.37889,5.02048,0.5037553056418373,5.39979,6.48901,0.9951048251756266,5.42451,8.0376,1.098251008888063
1220,5.61703,-3.53807,1.582620762373146,5.66557,-1.99799,0.9718226654625608,5.72841,-0.49058,0.5017123303337345,5.7127,0.94363,0.7035236680130768,5.5455,2.30122,1.3539238076888,5.60659,3.57522,0.8394659903732699,5.46559,4.99719,1.640134684739672,5.46145,6.47595,1.1036458660143218,5.54432,8.02203,1.278429317611985
1240,5.70287,-3.54266,0.5048946161712228,5.72818,-2.00576,1.100748385497439,5.81547,-0.50281,1.6353278445062047,5.7796,0.93714,1.3270276224845168,5.66603,2.29626,1.004094124802098,5.71406,3.55697,1.5879617920229474,5.57228,4.9858,0.6980577633345812,5.58129,6.46011,1.2762944777806946,5.61191,8.01369,0.872811833420337
1260,5.79049,-3.55699,1.6518987631512942,5.85002,-2.01187,1.2817408102504269,5.92266,-0.50804,0.6943390654582822,5.90067,0.93445,1.0318274033630075,5.72879,2.28733,1.0869341029719743,5.8001,3.55038,0.5076073077342727,5.64051,4.96653,1.374421124941362,5.64904,6.45204,0.8593424172991406,5.72169,7.9936,1.5773711427865875
1280,5.89899,-3.56328,0.7135371713161333,5.91758,-2.01656,0.8273069037419769,5.9924,-0.51899,1.375430553883364,5.96484,0.93146,1.0767755647288006,5.84909,2.27617,1.2849058965919713,5.88767,3.52997,1.6525261073951087,5.75965,4.95215,0.9844492369640981,5.759,6.43152,1.5710350056551152,5.80633,7.98634,0.485372056254454
1300,5.96718,-3.57312,1.354249712035455,6.0263,-2.0311,1.5752821298824418,6.11276,-0.52631,0.9856527478770306,6.08567,0.92882,1.2896989024767522,5.91711,2.26961,0.8238916043006312,5.9956,3.52036,0.710517248185346,5.82168,4.93763,1.1220020287513104,5.84348,6.424,0.48554782069103536,5.89211,7.96355,1.6375499852023412
1320,6.08778,-3.579,1.0026191927453825,6.11129,-2.03625,0.5121315064738626,6.17486,-0.53416,1.0833211286378361,6.15426,0.92586,0.8344661126410213,6.02581,2.25648,1.5772903576213744,6.06283,3.5074,1.3374243251016331,5.94179,4.91946,1.27733670281602,5.92951,6.40323,1.635266346919112,5.99862,7.95271,0.6842721409269354
1340,6.15088,-3.58794,1.0997139620894556,6.19959,-2.04732,1.6513453143387176,6.29554,-0.54195,1.2814996007594532,6.26213,0.89698,1.5530830065038599,6.11134,2.25167,0.5031528477701198,6.18334,3.49949,1.0165016569464647,6.00901,4.91043,0.8441233878330967,6.03625,6.39345,0.6971984250192867,6.06783,7.93572,1.380229959941182
1360,6.27225,-3.59844,1.2885035988502622,6.30749,-2.05188,0.7016398013489356,6.36361,-0.54697,0.8224831569323416,6.34508,0.88545,0.5050861245732784,6.19806,2.24131,1.632168957056035,6.24687,3.48783,1.1180386516530696,6.11706,4.88822,1.5714360391074214,6.10591,6.37574,1.3913900257529004,6.18826,7.92446,0.987902289438777
1380,6.3401,-3.60443,0.8036429912188239,6.376,-2.06249,1.359845447957328,6.47323,-0.55804,1.5682433231895216,6.43148,0.88162,1.6256200276068613,6.30645,2.23695,0.7142252031189439,6.36806,3.47225,1.2935591650731846,6.20231,4.87989,0.4986580746956091,6.22583,6.36305,0.9804924438831888,6.24965,7.91113,1.1024742470392763
1400,6.44878,-3.61549,1.58532754979533,6.49598,-2.06937,0.9860805219502283,6.55792,-0.56209,0.5058062249644211,6.54119,0.88032,0.7419026811656011,6.37522,2.22442,1.35700493632703,6.43596,3.46416,0.8260088727523899,6.28867,4.85839,1.6359636409114182,6.28717,6.3494,1.1113100024729643,6.36946,7.89493,1.2752608989618743
1420,6.53489,-3.61947,0.5041894884682763,6.559,-2.07768,1.102657107925105,6.64543,-0.5745,1.64169809457139,6.60987,0.87538,1.3416888318083497,6.49523,2.21555,1.0008033651312438,6.54313,3.44583,1.5983495272006147,6.39554,4.84805,0.699613873062249,6.40689,6.3325,1.2695937362738916,6.43686,7.88621,0.8748934432130877
1440,6.6226,-3.6313,1.6522233376983668,6.68046,-2.08605,1.2774854182204032,6.75261,-0.57987,0.6936094072366423,6.73064,0.87225,1.0173657429770802,6.55797,2.20664,1.082161881682812,6.63006,3.43922,0.5038575184576007,6.46422,4.83023,1.3723169246448517,6.47424,6.32402,0.8615168688657735,6.5466,7.86436,1.5730861271426977
1460,6.73124,-3.63645,0.7139773922430194,6.74788,-2.09151,0.8178040535215246,6.82202,-0.58915,1.3697477897777997,6.79411,0.86144,1.1498993754293454,6.6785,2.19788,1.2899417474316446,6.71677,3.42127,1.6336556258567683,6.58375,4.81728,0.9892695790962303,6.58411,6.30208,1.5683961479088948,6.63082,7.85641,0.4861812580746161
1480,6.79952,-3.64566,1.3542010139201264,6.85693,-2.10367,1.5735851130379934,6.94233,-0.59502,0.9853339897183743,6.91403,0.83895,1.2777594017220482,6.74696,2.19264,0.8064446460492796,6.82376,3.41313,0.6953355362174768,6.6457,4.80386,1.1068686176963678,6.66825,6.29402,0.48648537101526884,6.71656,7.83451,1.6352098841407525
1500,6.92013,-3.65136,1.0028215688698243,6.94189,-2.10802,0.5086681640088739,7.00465,-0.60281,1.0864665016786181,6.98083,0.8307,0.7659126683676348,6.85597,2.18361,1.5821628364739075,6.89274,3.3982,1.368100599271633,6.76566,4.78768,1.2826006721596905,6.75429,6.27203,1.6361796088964287,6.82332,7.82427,0.6872127590572991
1520,6.98326,-3.65916,1.0944758079011958,7.03002,-2.11594,1.6484850073066109,7.02042,-0.61276,0.03647771143864883,7.08816,0.82716,1.6089405348245638,6.94229,2.18026,0.4969138690090668,7.0122,3.38798,0.9814453810331504,6.83339,4.77939,0.8470034251700066,6.86073,6.26154,0.6930653884600556,6.89267,7.80577,1.388028627571283
1540,7.12915,-3.66874,0.9994924240974009,7.14971,-2.1196,0.5038094973013452,7.02426,-0.62088,0.1501177802335571,7.14542,0.82918,0.08890932356846949,7.06364,2.16305,1.5793850112144854,7.09907,3.37213,1.365670001511546,6.972,4.75674,1.2783729639159624,6.96115,6.23812,1.6584132298824115,7.03057,7.791,0.6887434219542763
1560,7.17958,-3.67309,0.6869845668416731,7.20876,-2.12663,1.2448799417747218,7.02673,-0.62867,0.0745388972696495,7.14397,0.8263,0.07142339019147628,7.14923,2.15779,0.5024477883392514,7.2186,3.36216,0.9825219100511388,7.03629,4.75101,0.38590705212808496,7.06792,6.22761,0.6947366126759433,7.07823,7.77703,1.0106244899139574
1580,7.28047,-3.68172,1.687623940381329,7.32922,-2.13086,1.066030199492283,7.02908,-0.63165,0.052842151103063735,7.14029,0.81989,0.10000436128980174,7.20786,2.15,1.2362818524325443,7.26919,3.35617,0.7400991958468371,7.11354,4.7316,1.5284447077762102,7.11578,6.21451,1.0114230015239978,7.19436,7.7583,1.3711608551634622
1600,7.37476,-3.68479,0.5301252402748978,7.39651,-2.13525,1.1207978054197616,7.0363,-0.6434,0.184593981477149,7.12998,0.80212,0.36193527816405285,7.32835,2.14532,1.094763904024721,7.3701,3.34001,1.6722080888704336,7.2259,4.72221,0.7963765374151974,7.23191,6.19662,1.3718678900305534,7.26759,7.74879,0.9009105908395391
1620,7.4647,-3.6945,1.6791898933461031,7.51803,-2.13908,1.2394483907257432,7.03996,-0.64879,0.10188968230489541,7.12286,0.7888,0.1816646488286396,7.39642,2.13352,1.204291072907098,7.46282,3.33417,0.5341308944512759,7.29803,4.70578,1.3961554790508837,7.30557,6.18765,0.8829608813548818,7.3787,7.72664,1.5443960695146495
1640,7.57233,-3.69851,0.6978563160523087,7.58335,-2.14087,0.7824179690735459,7.04921,-0.66236,0.19013391142118882,7.11841,0.78106,0.14952100593871176,7.51642,2.10799,1.2299634320603021,7.55229,3.31803,1.668108212407684,7.41836,4.6941,0.9884933590413126,7.41643,6.16548,1.5468348645591903,7.46091,7.71858,0.486516526945468
1660,7.63982,-3.70499,1.344864302077958,7.69024,-2.14268,1.5949735620495609,7.05389,-0.67138,0.06171163058098752,7.11592,0.77687,0.0393979814818519,7.58035,2.09633,0.842028142874404,7.6595,3.31081,0.6976481316290154,7.47914,4.6816,1.0772638140918598,7.49916,6.15731,0.48397365124295727,7.54661,7.69538,1.638393117208185
1680,7.77962,-3.70924,0.7290585271853522,7.78527,-2.14326,0.4187962882397183,7.06368,-0.68843,0.8319743913805994,7.11655,0.77602,0.06827823407789602,7.7164,2.06181,1.2845135205391425,7.75672,3.29391,1.6147957747430588,7.62348,4.66477,1.0222741529048494,7.61978,6.13179,1.5686090617711546,7.66562,7.68298,0.508632114955407
1700,7.82916,-3.71096,0.9702501795351476,7.86181,-2.14047,1.4556755895937168,7.08915,-0.73238,0.38539759472271207,7.11412,0.77074,0.12324237482646261,7.78046,2.05279,0.38777737153553693,7.86552,3.28674,0.7230365647731429,7.6751,4.65827,0.7398505973673724,7.70426,6.12373,0.5075938751496583,7.72458,7.66381,1.276448272184176
1720,7.947,-3.71211,1.3803448023617302,7.90776,-2.14609,0.12607039612219414,7.10035,-0.75068,0.5537405627207367,7.11317,0.76698,0.0559387353859253,7.83814,2.02602,0.0968083940818301,7.91489,3.27679,0.9872105121228948,7.77566,4.63927,1.6730774547952718,7.7635,6.10592,1.2781521695257598,7.84437,7.64936,1.0581250859663505
1740,8.02112,-3.71174,0.8201375939824391,7.90706,-2.14072,0.1440342346906392,7.12717,-0.79526,0.35282023396447754,7.11062,0.75976,0.18258915288159783,7.83983,2.02575,0.11051107585694944,8.03161,3.26484,1.3717354990527735,7.86878,4.63221,0.5291416948322722,7.88343,6.09241,1.0657259759131326,7.91047,7.63502,1.14649975470717
1760,8.13223,-3.70971,1.5736275371919233,7.90424,-2.13715,0.03223326418295629,7.1375,-0.81215,0.16971350378684033,7.1019,0.74347,0.18976967382609752,7.83785,2.02024,0.14431334471827043,8.10537,3.25806,0.8740977097063788,7.95758,4.6133,1.6625772445197338,7.9499,6.07848,1.1497387948440827,8.0317,7.61901,1.2506451406522021
1780,8.21626,-3.7089,0.49488696938072163,7.9037,-2.13502,0.0721907240483337,7.15767,-0.84784,0.4039815018038333,7.0939,0.72656,0.3000813349429998,7.83345,2.01242,0.13817259756668115,8.21653,3.24257,1.5612900379812007,8.06498,4.60444,0.7026939268203434,8.07106,6.06165,1.25252864783022,8.09715,7.61065,0.8506602995420959
1800,8.30138,-3.6852,1.6074733191212025,7.90161,-2.13394,0.09204735279700005,7.16767,-0.86693,0.13035482166761753,7.07642,0.70101,0.4210295225662313,7.82569,2.00186,0.21597340823930478,8.30021,3.23703,0.4821156220287044,8.13198,4.58829,1.3431686272880765,8.13663,6.05322,0.8330274701157132,8.20522,7.58693,1.5692798715079936
1820,8.40604,-3.67291,0.6816929533087132,7.90119,-2.13489,0.10591783219139506,7.18131,-0.89158,0.4418653132825063,7.06481,0.68185,0.2900734486448943,7.81528,1.98602,0.2906630317397257,8.38462,3.21142,1.6127291336238072,8.25213,4.57683,1.019015238042964,8.24448,6.03192,1.5772347751258795,8.28944,7.57823,0.5068711460160987
1840,8.47495,-3.65177,1.3488193136283475,7.90384,-2.13898,0.07076003999904792,7.19337,-0.91033,0.21218170399236155,7.05077,0.65644,0.42850203601067216,7.803,1.96344,0.4873429077227808,8.49048,3.19766,0.6829629300505357,8.31528,4.56431,1.100634421460883,8.32973,6.02409,0.5049148830149023,8.37675,7.55753,1.6512418111030478
1860,8.61365,-3.63421,0.6173033412657171,7.90859,-2.14247,0.1948436776318195,7.21021,-0.93564,0.23942832022297403,7.03943,0.63132,0.3296661272323643,7.78701,1.93019,0.2101376783218135,8.60406,3.15944,1.7164496506423148,8.46737,4.5469,0.8804729347724642,8.46498,5.99862,1.462687378090914,8.5006,7.54658,0.43972599553546865
1880,8.66293,-3.61796,1.0019682960606893,7.93331,-2.18348,0.5078197683018453,7.2178,-0.94794,0.07422378549995153,7.0254,0.6042,0.2637836161032238,7.78228,1.92108,0.04621306283482732,8.69912,3.1417,0.5589926663441451,8.51504,4.53945,0.7793132656517257,8.54318,5.9915,0.41065066826828367,8.56012,7.52736,1.2776390744367598
1900,8.79978,-3.59711,0.9852926511266161,7.94458,-2.20844,0.11209204258889434,7.22041,-0.95577,0.31897430910632674,7.01083,0.58864,0.16210286475250998,7.77343,1.91055,0.08514155425965088,8.7361,3.12541,0.8890706613445702,8.64776,4.51566,1.3392132649423174,8.62241,5.96976,1.4654250571660445,8.69819,7.51266,0.742123815631057
1920,8.88824,-3.57483,1.1944158367640325,7.97127,-2.25352,0.402233164855738,7.23115,-0.97529,0.16033512848281806,6.99905,0.56624,0.29912227515215417,7.77415,1.91065,0.1285508317491151,8.86953,3.04786,0.8837953243910055,8.72456,4.50932,0.004312100473440474,8.76069,5.95748,0.45187409621963415,8.79517,7.48883,1.5114428791379655
1940,9.00394,-3.55891,1.036974558575348,7.98527,-2.26883,0.2706119430999415,7.23655,-0.97907,0.07483077156340001,6.99671,0.54555,0.28186281494120957,7.78088,1.91086,0.28688121451250276,8.91675,3.02815,0.7904537479755013,8.76943,4.46484,1.3682332871212224,8.79785,5.9458,0.9114609529318045,8.90756,7.47771,0.7953318821380293
1960,9.05824,-3.55308,0.3660418646811528,7.99439,-2.28922,0.6804867382711248,7.24384,-0.99393,0.15941027855469378,6.98533,0.53901,0.23752827839424834,7.78122,1.91111,0.03810429292780816,9.00849,2.96665,1.549703286557488,8.87289,4.42225,0.8680880714658328,8.90927,5.92797,1.4443075631833775,8.94996,7.47097,0.7110870826287227
1980,9.18185,-3.52185,1.4834461951425457,8.01624,-2.32617,0.14653807327823415,7.24832,-1.00182,0.03826384202505486,6.9808,0.5201,0.10546198766404716,7.78243,1.9145,0.16126857452412433,9.0962,2.93478,0.018224688387645994,9.00938,4.35496,1.4450601022486578,9.02994,5.90526,1.4151828632833605,9.1015,7.44668,1.159543541901027
2000,9.26001,-3.51429,0.5228058514634976,8.01705,-2.33541,0.45702735346764334,7.25302,-1.01313,0.18188106273966204,6.97647,0.51874,0.39811358419956233,7.7841,1.92128,0.013702836155197993,9.12561,2.88336,0.416308429840924,9.07914,4.32747,0.46984376946731093,9.15033,5.88944,0.992722002597423,9.15861,7.44208,0.35718534973681654
2020,9.33642,-3.48859,1.2474332219829214,8.03993,-2.37559,0.31257922671123967,7.25582,-1.02088,0.13878165044650526,6.96281,0.49964,0.28146759361856116,7.78596,1.92617,0.21673053244320184,9.19382,2.88433,0.8030791815048712,9.13425,4.2933,1.335927696402395,9.2008,5.88342,0.05634958557746042,9.26787,7.41288,1.6773493136583646
2040,9.46686,-3.47452,0.5726659272347534,8.04667,-2.38744,0.07468559539170758,7.26024,-1.02947,0.2081564288905229,6.96423,0.49866,0.28432455414891006,7.79042,1.93335,0.10992697260190654,9.24012,2.88151,0.43526588231574836,9.27462,4.24462,0.6418952819616438,9.29656,5.82192,1.6240540400870365,9.37505,7.40108,0.3587039677138542
2060,9.58536,-3.41659,1.3394955408954463,8.07411,-2.43449,0.10083850003225532,7.26733,-1.0413,0.020284692053948113,6.9666,0.5037,0.143508276918015,7.80545,1.9579,0.3208901445985378,9.30785,2.88111,0.1960861952360465,9.30873,4.23917,0.4385585213913348,9.41055,5.79222,0.2136022388429861,9.5337,7.33653,1.1168221296803076
2080,9.69484,-3.39578,0.3080806913878944,8.07752,-2.44196,0.04792019462321297,7.2676,-1.04483,0.2396323573761448,6.97764,0.52732,0.21050592755161082,7.81799,1.9819,0.139644973794763,9.3163,2.88196,0.09718817012001296,9.45627,4.29041,1.162420039345804,9.52225,5.74923,1.635026862345383,9.60209,7.31915,0.18631505849898217
2100,9.73287,-3.33692,1.4525248306466696,8.087,-2.63453,0.6797781646678251,7.27778,-1.05947,0.03840878577630079,6.99026,0.54934,0.0952860918022063,7.84148,2.02243,0.07540008956140301,9.32334,2.88371,0.014748697044129126,9.54095,4.30337,0.0011242181570303396,9.65502,5.72942,0.02035799379869935,9.77753,7.26133,1.0634514964081916
2120,9.84911,-3.21914,0.42527527388739605,8.08761,-2.68301,0.08989628380049504,7.27871,-1.06022,0.09019363286215064,6.9957,0.55747,0.1485519797870661,7.84469,2.0268,0.13444003734266297,9.32175,2.88469,0.10478064588893288,9.69719,4.26409,1.1699688575568572,9.7536,5.69058,1.6615955159794673,9.84666,7.25147,0.12661002498982574
2140,9.87788,-3.20298,0.029852930067312232,8.17323,-2.64839,1.723920803221979,7.29057,-1.08077,0.029909770432955722,6.98875,0.5463,0.07945761549610716,7.84364,2.02283,0.08490243373904054,9.46716,2.88298,0.19906094027653728,9.78481,4.25594,0.017357649309288688,9.89688,5.67378,0.02895960999786534,9.89335,7.222,1.0942147293458144
2160,10.04012,-3.10825,0.7687565519370596,8.18713,-2.62859,0.07901299999558678,7.29088,-1.08103,0.055302209757822594,6.99707,0.55808,0.1524112464874674,7.85109,2.03807,0.1418364068494856,9.47392,2.88386,0.03923692002074497,9.9841,4.224,0.5860320228676804,10.0349,5.67385,1.4324461487964604,10.08551,7.19328,0.17285653502973297
2180,10.08377,-3.10142,0.23476126437059316,8.18311,-2.62291,0.25152981902090693,7.29832,-1.09294,0.18000865572698507,6.99953,0.56346,0.05259061421894369,7.85506,2.04573,0.06978107420416468,9.41864,2.88421,0.496061002337919,10.01776,4.22169,0.1782487224671721,10.11538,5.67384,0.39438774892194445,10.09494,7.19215,0.0011271321697676033
2200,10.01767,-3.05454,1.697924309839947,8.17439,-2.60354,0.05494368278065523,7.30579,-1.1019,0.07407198395475414,6.99321,0.54736,0.13192129975206343,7.85422,2.03992,0.06811408794597638,9.37852,2.88385,0.03262503002577041,10.05045,4.20718,0.7864537472288865,10.14715,5.67394,0.005969535921698453,10.32472,7.18193,0.23632025530284448
2220,9.90748,-2.90491,0.3916009982864369,8.17227,-2.60246,0.03003774611858013,7.30978,-1.10815,0.1446456369115095,6.98489,0.5373,0.19310591352385206,7.85583,2.04434,0.12071241983864099,9.38157,2.88509,0.2630509624816754,10.26014,4.18432,0.22300838924906982,10.35805,5.62873,0.4132491198606802,10.34333,7.18133,0.013727112558453144
2240,9.92055,-2.89151,0.23644086712840565,8.14225,-2.55154,0.08152799877538665,7.31206,-1.1189,0.05543896181730378,6.97985,0.52826,0.13554316408102546,7.86013,2.0535,0.13682530055211675,9.54961,2.88256,0.3214673521784896,10.28097,4.18147,0.3943016243575811,10.39135,5.62492,0.01090874161023306,10.57015,7.14696,0.25124343918408126
2260,10.00497,-2.87917,0.5191724894646467,8.14038,-2.54547,0.048911724944906594,7.31436,-1.12084,0.15807649314599176,6.99922,0.56036,0.1505667933049644,7.87697,2.08321,0.12341375475134196,9.53913,2.88347,0.8318070421393315,10.49625,4.12869,0.3036629071505368,10.593,5.57507,0.5132058664196016,10.58992,7.14523,0.014294423281921674
2280,10.05239,-2.88525,0.15179520315846326,8.13302,-2.5312,0.16813705206053528,7.32336,-1.13141,0.10754026590534713,6.99423,0.55275,0.17558198201120057,7.87225,2.07459,0.14959333189193474,9.44678,2.88522,0.05491860654793006,10.51866,4.12431,0.014980949271537014,10.63415,5.5697,0.015255305465247265,10.80449,7.09284,0.358124655745539
2300,10.05966,-2.88387,0.03319065535762262,8.13067,-2.5301,0.20857602849858425,7.32205,-1.13159,0.09776365028086431,6.98809,0.54637,0.1393651907702662,7.87459,2.08135,0.22570392350153246,9.44084,2.88629,0.48769951299283426,10.55455,4.06986,1.6127884035245126,10.64588,5.5594,0.7696631431291575,10.82348,7.09053,0.12816088942125287
2320,10.0544,-2.8889,0.06523563089127,8.13219,-2.53126,0.0891824766532485,7.32874,-1.14048,0.024852044929573075,6.97962,0.53257,0.13396962078192381,7.8783,2.08871,0.06655616084161321,9.36218,2.88819,0.12134125275386368,10.67903,3.96089,0.2471056927345928,10.84046,5.52171,0.46919320864524616,10.9317,7.05623,1.695592598183708
2340,9.91365,-2.88751,0.5632958451437455,8.13489,-2.53247,0.02161198594509848,7.3323,-1.14172,0.00956475369548604,6.9801,0.53131,0.07384204995476525,7.8824,2.09183,0.028541313356441625,9.35385,2.88792,0.0494193693529583,10.71204,3.92106,0.9335206906175073,10.8735,5.51517,0.4336902791048083,11.05544,7.04493,0.23355517613643106
2360,9.8921,-2.88705,0.10666613720537046,8.13491,-2.53028,0.26110784319867897,7.33368,-1.1467,0.11347490596430614,6.98714,0.54498,0.4605968455900293,7.88163,2.09349,0.03510966221192367,9.31146,2.88792,0.23871999316794212,10.8391,3.88791,0.9478368285248006,10.98434,5.44814,1.4560915670224213,11.06993,7.04321,0.058772650628475254
2380,9.93091,-2.88938,0.5171106315020887,8.13207,-2.53134,0.10381175494371038,7.33433,-1.14886,0.051775798359698165,7.0031,0.57541,0.06024631579696079,7.88021,2.09384,0.052295392827429774,9.29233,2.88819,0.0032209561781841017,10.91254,3.86059,0.7507061407588459,11.09907,5.41841,0.00721608469656727,11.30133,6.95628,0.034989866198914005
2400,9.98569,-2.88901,0.6319032644819337,8.13065,-2.52833,0.037375718893875,7.33466,-1.14891,0.012809656187708822,7.0043,0.57784,0.3437422585093773,7.8797,2.09318,0.0086195420630019,9.28517,2.88791,0.10198856932352694,10.93508,3.73303,1.3941622050726792,11.15868,5.37322,1.361928632648025,11.30329,6.9557,0.011799616368175067
2420,10.02655,-2.88746,0.008550589401651125,8.12684,-2.5142,0.01417886295260233,7.33761,-1.14834,0.008288977108651148,7.02607,0.61055,0.005630950753400313,7.88219,2.09311,0.007682577874500901,9.27704,2.88591,0.023780191795380403,10.94426,3.63664,0.25316309793106384,11.3321,5.33417,0.028821770598792033,11.52806,6.87014,0.11884963182404722
2440,10.01233,-2.88712,0.10961309601452668,8.12233,-2.51041,0.11881204253642459,7.33572,-1.14643,0.1343054961886346,7.02396,0.61085,0.05711296758750088,7.87867,2.08967,0.08807889739841163,9.29937,2.89489,0.8969979549187139,11.15722,3.57593,0.33026035078779004,11.51702,5.21069,0.3462390500284219,11.5375,6.86735,0.006475741313888271
2460,10.00187,-2.88672,0.143307463229017,8.12106,-2.51205,0.03217038557367145,7.32972,-1.13935,0.06842261614194577,7.03515,0.628,0.07999024597808957,7.88129,2.09028,0.010914333779929031,9.47222,2.89735,1.0264859933495036,11.17897,3.57417,0.08177799096733354,11.53799,5.20318,0.0785279594730059,11.57857,6.82657,1.2210536200937563
2480,9.9916,-2.8839,0.055337761734403274,8.12016,-2.51162,0.0021313116223271957,7.32693,-1.13682,0.007373460159249223,7.03852,0.63262,0.015758061541136896,7.88264,2.09382,0.015779831533044703,9.5188,2.89525,0.3929962066518261,11.25626,3.51057,1.0942578616666447,11.56444,5.17692,0.9699304531483014,11.73057,6.78789,0.5070251713995926
2500,9.98719,-2.88272,0.04127069172808398,8.11943,-2.50852,0.13825765199323878,7.31713,-1.12227,0.08194386360503828,7.04395,0.63946,0.20251389118898813,7.88449,2.09483,0.22035421321463794,9.59694,2.88482,1.241319590184236,11.36274,3.49014,0.5610242332143627,11.70142,5.14508,1.0086635531275463,11.77622,6.76482,1.1757851846596872
2520,9.99828,-2.88127,0.06855199384241052,8.11787,-2.5057,0.0013524719786774829,7.3158,-1.11603,0.0011445386602901577,7.04607,0.64328,0.005689238532941414,7.90139,2.12142,0.015834307990528596,9.71274,2.88629,0.010231586928650487,11.57716,3.37996,0.19116726030557865,11.96265,5.07433,0.2684759369324352,11.98085,6.69656,0.07741016308140526
2540,10.00407,-2.88126,0.06463763568730045,8.11827,-2.50608,0.05543599376311488,7.3088,-1.10434,0.26399034899186613,7.04686,0.64381,0.04457683639582944,7.9016,2.12225,0.06901304576758058,9.67082,2.88539,0.9932363243532784,11.58654,3.37622,0.06827283540839926,11.97668,5.07157,0.09532914267392922,11.98484,6.69553,0.02761588343571188
2560,10.02684,-2.88262,0.03285963234403764,8.11924,-2.50755,0.1762673235405006,7.298,-1.08867,0.10593355285876081,7.04789,0.64686,0.14262533933617744,7.90917,2.14054,0.3320700967923425,9.53131,2.88618,0.025291629089709795,11.48053,3.35166,1.8274307757260626,11.98429,5.06889,0.023586699891025496,12.21533,6.6088,0.04611610062884711
2580,10.00067,-2.88398,0.10884569928969637,8.11911,-2.50756,0.25995926293558735,7.29433,-1.08136,0.27785457382419454,7.04583,0.64467,0.19264666272254835,7.91765,2.1561,0.18571634662294875,9.55646,2.8934,0.8450740312917338,11.32663,3.29918,0.2952461614482105,12.18523,4.93866,0.1241050541060224,12.21909,6.60708,0.0014953580632036832
2600,9.99238,-2.87853,0.013965083921498173,8.11613,-2.50573,0.002619733624468468,7.27919,-1.05814,0.0013483885312399436,7.04944,0.64651,0.06121790430402506,7.92465,2.16347,0.06208067407656714,9.77564,2.89854,0.01865855168327038,11.34703,3.31129,0.5304403096432077,12.19515,4.93521,0.0006836620308425937,12.44959,6.51988,0.045567172568463356
2620,10.00367,-2.8785,0.04100270777839621,8.11886,-2.50595,0.02158390965015357,7.27922,-1.05601,0.2798637754942445,7.0674,0.67456,0.13178102452087936,7.95715,2.21778,0.11349298199323088,9.75753,2.88757,0.8806430034339624,11.57053,3.38107,0.06976313342021913,12.39633,4.80645,0.12619407877783684,12.45334,6.51818,0.0011399102655610435
2640,10.01981,-2.88627,0.006650972423528079,8.11689,-2.50808,0.00014270998244831045,7.2604,-1.02525,0.0012410449022465706,7.05888,0.67116,0.009927217074611364,7.9473,2.20896,0.004461497523663982,9.57725,2.88809,0.01646841249945617,11.56037,3.3816,0.05488930111539229,12.40633,4.80235,0.001048893635302456,12.68289,6.43075,0.05605700308645712
2660,10.00108,-2.886,0.09796801959907352,8.12085,-2.50822,0.07953911775341405,7.26251,-1.02529,0.07522686256494798,7.06166,0.67108,0.0886071814814509,7.96993,2.24464,0.04126191352760818,9.58045,2.89165,0.3590167105305471,11.3425,3.27396,0.09992358765644381,12.60768,4.6803,0.15865462909660563,12.68754,6.42904,0.0010980125472901258
2680,9.99289,-2.88605,0.09471958058401964,8.12202,-2.50756,0.02047855475304568,7.25273,-1.00445,0.10769570086269399,7.06566,0.67377,0.0781086498436087,7.97447,2.24562,0.018901342301091566,9.70442,2.90479,1.435657019817657,11.34904,3.27226,0.02910567082126178,12.61723,4.67681,0.035912600559740146,12.70904,6.3982,1.269353880021675
2700,10.007,-2.88277,0.07372929528356423,8.12357,-2.50727,0.15135103227748392,7.24662,-0.99537,0.06390617559553138,7.08082,0.70149,0.1887079791337344,8.00478,2.29967,0.15800929773521022,9.81279,2.90712,0.025867046405184696,11.35683,3.52874,0.06903284297278255,12.79989,4.55213,0.3764949589813138,12.91111,6.31602,0.006090522739142744
2720,10.01348,-2.88224,0.08169885810812828,8.12342,-2.5068,0.14444073413952338,7.24132,-0.98596,0.18993244250236527,7.08568,0.70432,0.18417003706438903,8.00755,2.3012,0.08534915780372515,9.75536,2.88516,0.8771367289926335,11.35677,3.52496,0.026953661824022108,12.81901,4.54601,0.1351632015542926,12.91137,6.31584,0.0019555257272254063
2740,10.01303,-2.88511,0.0296193451015842,8.11586,-2.50051,0.048015285115138404,7.23164,-0.97261,0.09120324591266828,7.08298,0.71175,0.04272725597905223,8.00291,2.30331,0.2959603241444593,9.69448,2.88841,0.1356873250105453,11.36524,3.53492,0.7099248005920797,12.8279,4.54274,0.023160030103620492,13.04343,6.21875,1.1166319619138798
2760,10.00322,-2.88788,0.07718151320858545,8.11307,-2.49916,0.014082904986476363,7.2257,-0.96467,0.21150842676568962,7.0827,0.71598,0.2988796352966633,8.01424,2.32799,0.010778822941237514,9.71679,2.88847,0.7876746800275881,11.39252,3.76104,0.1065083543642303,13.03718,4.4501,0.2298854698565372,13.12865,6.19458,0.02639561811872001
2780,9.96909,-2.88425,0.13755494727522705,8.10677,-2.48695,0.027934988642768728,7.21804,-0.95034,0.00869191665711163,7.0986,0.73698,0.016478659015098623,8.01823,2.32949,0.013605573778931545,9.92592,2.88584,0.1501719636098482,11.39706,3.76315,0.45315477497281187,13.05523,4.44593,0.009515942762702349,13.32812,6.0947,0.3411018746056946
2800,9.95842,-2.88389,0.11255344412455101,8.10561,-2.48652,0.005157389488641108,7.21709,-0.94861,0.18459691476055629,7.09786,0.73754,0.006863443046703117,8.02874,2.34794,0.19121829466351814,9.93753,2.88657,0.23771144547156497,11.47399,3.72134,1.5677800129240764,13.07025,4.42363,0.7860234276199508,13.34572,6.09007,0.12193468859672286
2820,9.93593,-2.88638,0.09634068299656783,8.09752,-2.4701,0.09734831514781196,7.21129,-0.93581,0.08038742740455039,7.1196,0.76749,0.07531761305134271,8.03984,2.36144,0.09355802224610861,10.05968,2.88523,0.9549210568275275,11.61708,3.69446,0.18507230094411967,13.25067,4.37818,0.5049335901969567,13.49078,6.0205,1.215955669149256
2840,9.94986,-2.88166,0.12310044040407665,8.09474,-2.46729,0.004114029053186749,7.20838,-0.93434,0.006483476950515117,7.12895,0.78819,0.08662076731740947,8.0628,2.40703,0.07421889254496682,10.12083,2.88974,0.37853350236366595,11.8445,3.65403,0.22054595424456727,13.47081,4.32108,0.45064937339777006,13.5812,6.00213,0.038961515301686185
2860,9.98,-2.88807,0.04098825400612739,8.10264,-2.59044,1.4633708614908103,7.20083,-0.91971,0.0913017589419626,7.15167,0.82653,0.047402354079307624,8.06606,2.4108,0.041784970360588015,10.10399,3.12929,0.05806311738145819,11.86282,3.65279,0.002635004349685627,13.50752,4.31623,0.008179904455084862,13.69842,5.93823,1.5052106681200845
2880,9.9572,-2.8868,0.0115058853988264,8.10364,-2.71335,0.0034544124736055276,7.20137,-0.92091,0.039983800912618064,7.15198,0.83296,0.039718695413301176,8.08929,2.6405,0.22635275085575587,10.10318,3.13268,0.003739650265509033,12.09495,3.57353,0.03416625714266522,13.72518,4.28837,0.3544017758656418,13.81858,5.91459,0.004699589675635387
2900,9.95685,-2.88657,0.01564369602183966,8.11066,-2.69814,0.6408833255575612,7.21034,-0.93716,0.009560619023835567,7.18984,0.89861,0.015297240938200654,8.08877,2.65887,0.0033647612200593704,9.94072,2.95789,0.0821694115176351,12.09652,3.57266,0.0008443847419118899,13.75404,4.2869,0.004745090832426216,13.81894,5.91455,0.0004779499716461981
2920,10.05386,-2.88629,0.24899151083716262,8.12282,-2.50336,0.03623604744417707,7.21447,-0.9361,0.028452276344561447,7.1932,0.89909,0.056631655544999805,8.10645,2.48388,0.3386838916600481,9.93435,2.95202,0.004043223988542384,11.87107,3.46549,0.003008251160358342,13.74034,4.2823,0.09479626536139582,14.05361,5.82811,0.00011783656719979303
2940,9.93572,-2.88638,0.10722732801016545,8.11641,-2.50115,0.022430301080768676,7.21272,-0.93656,0.061907432163925316,7.21061,0.9301,0.18304878894818638,8.0922,2.45829,0.04047252831851836,10.08529,2.96679,1.1590757365319415,11.86974,3.46457,0.008769032912721403,13.55221,4.1265,0.1051568644926533,14.05308,5.82652,0.0008479836201945412
2960,9.99851,-2.88797,0.09143818234347244,8.08816,-2.44941,0.005359203189299881,7.21356,-0.93616,0.0035505867435502523,7.21751,0.9441,0.0006586402143066825,8.09142,2.45907,0.017760242184542255,10.18008,2.96907,0.008458023747704624,11.90445,3.44919,0.9995959637076678,13.56083,4.12458,0.0018919213408157215,14.26553,5.70261,0.0529459129484363
2980,9.91749,-2.88376,0.1427249045894081,8.08717,-2.44886,0.0033542392366294207,7.21284,-0.9348,0.1223708840439479,7.22052,0.94349,0.004353674806851288,8.05098,2.38301,0.0576688739724722,10.16015,2.95771,0.9691871669007686,12.11614,3.43065,0.0031597574284805206,13.79368,4.06642,0.09857055353527501,14.2701,5.70158,0.00017934390254383084
3000,9.99098,-2.87906,0.40498404220400885,8.09608,-2.683,0.15090869059362386,7.2005,-0.91226,0.07366764034079915,7.23031,0.95512,0.06237075945137206,8.03067,2.33836,0.1380319055262392,9.95239,2.88501,0.0040098861787868255,12.10427,3.42858,0.03930106291373971,13.80171,4.06494,0.0010559816248458945,14.49104,5.61726,0.16326240701980368
3020,10.09215,-2.87914,0.15470139418004114,8.09714,-2.69542,0.0002856682649430702,7.20171,-0.91259,0.05268737893149325,7.23041,0.9551,0.02240162384006967,8.0308,2.33694,0.15492328887994875,9.9519,2.88535,0.21351220052877595,11.88608,3.33333,0.006570544742029679,13.94603,3.89189,0.29270572003015183,14.50425,5.61393,0.0014871975525011186
3040,9.97331,-2.87454,0.249081887645127,8.17485,-2.60184,0.5477320791044031,7.19163,-0.90345,0.039033936854485175,7.22326,0.94101,0.07343544785175338,8.05154,2.37944,0.2693839546912318,10.18864,2.88177,0.10128429905646007,11.88777,3.3331,0.006489504277500591,13.96882,3.88455,0.003275137580850505,14.51666,5.5873,1.2127336262332151
3060,10.08525,-2.88243,0.17279940656545997,8.15406,-2.54154,0.030110513526319747,7.20374,-0.90283,0.007358016985203341,7.22146,0.94268,0.01348328336382491,8.09766,2.67088,0.042239737359735206,10.19613,2.89475,0.013951167890285431,12.13362,3.37244,0.0009882428209186907,13.96292,3.65942,0.26909508530257487,14.70723,5.46647,0.00026026522625609527
3080,10.0453,-2.88138,0.25022514080476,8.1292,-2.50516,0.5797783331299131,7.19699,-0.89245,0.14991000079747138,7.21494,0.9381,0.16269323643795627,8.09692,2.6739,0.00835516181324453,10.03024,2.88733,0.7120199942872713,12.13286,3.37223,0.0075871561756038946,13.96299,3.63964,0.026443180755815036,14.70588,5.46303,0.047148949186008766
3100,9.90703,-2.88652,0.011600746321126643,8.09831,-2.47036,0.04979750389681119,7.19296,-0.89956,0.0723625896652556,7.21006,0.93671,0.005913672715175471,8.14586,2.55443,0.6239635626322874,9.9712,2.88482,0.011518084199785698,11.90258,3.27914,0.019639296505993706,13.95518,3.63805,0.04601546622089667,14.7894,5.22821,0.0008542790973552275
3120,9.90656,-2.88772,0.035987337324905076,8.08982,-2.45254,0.2207919794460711,7.18123,-0.87793,0.16151605945961717,7.20395,0.92025,0.1152516849225906,8.11122,2.48754,0.15129802368037967,10.19299,2.88967,0.30232322812815215,11.90044,3.27833,0.004750832062439939,13.71841,3.57295,0.009219464703027359,14.78843,5.22721,0.0005788545983050059
3140,10.06908,-2.88295,0.459452227510917,8.10175,-2.70073,0.005901884060073873,7.1742,-0.87058,0.16222066583091713,7.20499,0.9195,0.11571424347113574,8.11342,2.48991,0.3402563239523162,10.21818,2.88805,0.008776229990474765,12.03584,3.26367,1.3891175218647427,13.719,3.57157,0.00799694345228616,14.8404,4.9783,0.03264328939448975
3160,10.02139,-2.88498,0.2362205218543272,8.10187,-2.70101,0.002301151194034257,7.1768,-0.87294,0.3461327990295434,7.20628,0.91967,0.1282346287949609,8.13953,2.5295,0.16790099814638992,10.2046,2.8877,0.5746262336142468,12.14891,3.25965,0.003302397603712242,13.95357,3.59529,0.14793788465799476,14.8412,4.98181,0.0018965341378596096
3180,10.10229,-2.88724,0.11034829671946314,8.11779,-2.49901,0.13600601992748326,7.18727,-0.88816,0.141626461004608,7.19485,0.90605,0.10990171612553178,8.13408,2.52903,0.14676675679761567,10.03414,2.88621,0.001266227997475097,12.14057,3.25836,0.025870725060994425,13.96621,3.59577,0.003140007486512201,15.06432,4.90469,0.16155825742543817
3200,9.9739,-2.88823,0.16812912956117781,8.10837,-2.48851,0.03740452086141462,7.1822,-0.8864,0.033460928365416295,7.19468,0.90539,0.025483752329671573,8.09012,2.45661,0.030234249671574658,10.03206,2.8892,0.17014925060453426,11.91689,3.16509,0.006599326258733213,13.7875,3.44162,0.25265858977728267,15.07659,4.90144,0.005172496418065094
3220,9.9447,-2.88991,0.04405043899023408,8.07688,-2.43332,0.05032497094461211,7.18783,-0.89805,0.0089276288542298,7.18392,0.88645,0.0048583540130886175,8.08921,2.45608,0.0007010142057535926,10.23976,2.88791,0.05540752640934582,11.91785,3.16505,0.0020255116668652044,13.78923,3.42072,0.006986114644648065,15.0988,4.76278,1.6860720650581378
3240,9.91621,-2.88164,0.018267504629387213,8.09196,-2.43063,0.05490843972365497,7.20022,-0.89819,0.057356960685998874,7.18887,0.88759,0.06752634083639097,8.10955,2.67885,0.27932445874882483,10.22328,2.89328,0.01601779404521744,12.16264,3.15476,0.011167342881751294,13.65348,3.25399,0.37762537976209204,15.11583,4.65203,0.004760282482661883
3260,9.93476,-2.88628,0.12125362447005926,8.08599,-2.46589,0.9256540201183461,7.19426,-0.90113,0.010133186884776386,7.19161,0.90358,0.008106102456460788,8.10848,2.70148,0.006080476307364827,10.00688,2.88551,0.1199809732995761,12.13057,3.15458,0.30402291425983585,13.63957,3.22646,0.007079887075910913,15.11342,4.6497,0.05057472619400834
3280,10.04848,-2.88603,0.24945333139858164,8.09349,-2.67736,0.0011362462512496893,7.19317,-0.90281,0.014077572594220523,7.19551,0.90297,0.005337878965963673,8.12275,2.50534,0.12096850413047928,9.99494,2.88758,0.017452975833794935,11.84277,3.08213,0.0010792047362084283,13.63495,3.22937,0.0205609377502301,15.0518,4.40737,0.0003248301166856707
3300,9.96057,-2.88294,0.13543021237679814,8.09696,-2.66802,0.03991258170796238,7.20256,-0.92483,0.010397043846522215,7.19971,0.91225,0.027372249356150395,8.11297,2.49308,0.04377788795133183,10.20404,2.88663,0.25142727471212967,11.84588,3.08235,0.005171680602225322,13.8787,3.26325,0.006554711165920397,15.05316,4.40842,6.555384864137725e-05
3320,9.98031,-2.88589,0.20309768905772915,8.10849,-2.48269,0.06010457161406553,7.20713,-0.9243,0.08754980172558371,7.20115,0.91016,0.08944873747111177,8.11058,2.48615,0.04181938300918564,10.17821,2.88878,0.3989685022075983,12.02813,3.08507,1.1495862662394474,13.88085,3.26392,0.01139960445623151,15.29035,4.33635,0.008385058107600908
3340,9.93907,-2.88731,0.10537990387357157,8.10761,-2.48249,0.1074009712179569,7.20743,-0.92529,0.1402281087156697,7.19915,0.91045,0.10064960341059996,8.1265,2.51517,0.1833899531871596,10.18865,2.88858,0.6267759623883066,12.09631,3.08536,0.011449768903690484,14.10834,3.25088,0.2228692905896081,15.29205,4.33691,0.003400898578468911
3360,9.94125,-2.88798,0.06562435890812066,8.08864,-2.44565,0.04434915574592269,7.21236,-0.92982,0.03793612848946417,7.20075,0.91075,0.004013218628613957,8.12677,2.51539,0.03883888401183748,9.9847,2.88807,0.06209331110731102,12.09535,3.08516,0.007509085071211734,14.12687,3.25053,0.008901478640349136,15.47372,4.27366,0.6913287874030123
3380,9.95188,-2.88801,0.030401989393534137,8.08536,-2.44255,0.0511716455276076,7.21053,-0.92969,0.004384279269102506,7.20085,0.91007,0.06848856353912833,8.08327,2.4403,0.020578297737244705,9.99267,2.88866,0.36816006552380287,12.24431,2.88781,0.0030071633251319238,13.91308,3.14506,0.10829400716206035,15.52904,4.26429,0.0034238422838278678
3400,9.94735,-2.88256,0.06466208772033015,8.09182,-2.64278,0.5624148612250203,7.1982,-0.91777,0.10825560701527914,7.19138,0.89493,0.11207363113628438,8.09907,2.47024,0.2781271679295831,10.22735,2.88483,0.07567838447907353,12.24593,2.88764,0.0006855645996899149,13.90545,3.14117,0.001554934041664617,15.51574,4.23189,1.0998932728101014
3420,10.06277,-2.88521,0.0722284211640187,8.09317,-2.68924,0.0008188648371708913,7.20288,-0.91871,0.12767538291272806,7.19629,0.90085,0.18571056834671296,8.13381,2.52759,0.13179754806630178,10.22023,2.8876,0.036806587621230805,12.01246,2.80387,0.003566949700935431,13.90707,3.34117,0.5870922189695675,15.50785,4.01375,0.004052634093133959
3440,9.99409,-2.88636,0.05690892509662216,8.16534,-2.57954,0.4263632731638297,7.20697,-0.92518,0.02100195004945181,7.18538,0.88647,0.040148961406092455,8.12822,2.52196,0.034245940838818406,10.21598,3.13095,0.03313188466255691,12.01197,2.80428,0.0004010942871907203,13.90704,3.3895,0.002034927686187752,15.50496,4.01287,0.023135282109076418
3460,10.07586,-2.88767,0.0436052123778762,8.14236,-2.54035,0.05610469286666845,7.20643,-0.92458,0.0057376122579137715,7.18328,0.88383,0.03683242636656512,8.13198,2.52885,0.05921776532595179,10.21593,3.1341,0.0009576891234882681,12.02149,3.05618,0.014954528084055575,13.90748,3.39048,0.005190595201352426,15.74413,3.94648,0.01769869196389878
3480,10.07069,-2.88674,0.12236751459739705,8.14031,-2.53948,0.03419792490273775,7.20907,-0.92715,0.0708990418250792,7.18154,0.87895,0.07968409372286654,8.13312,2.52892,0.07079220607621053,10.15905,3.18015,0.9586133307378211,12.02188,3.05499,0.004938395918731771,14.03774,3.27819,0.9316299533235419,15.74576,3.94635,0.007823571678804129
3500,9.87071,-2.88504,0.20587183228901318,8.11033,-2.47471,0.2803443455185413,7.21455,-0.92828,0.2087875916416369,7.18022,0.87443,0.17098900889358432,8.133,2.52871,0.041508646554028965,10.13216,3.36718,0.0073855046312960235,12.09312,3.24046,0.7654887620542766,14.10129,3.23357,0.005319823210404503,15.94368,3.80219,0.038694258241781
3520,9.8645,-2.88617,0.06732412103579524,8.10839,-2.47409,0.0893212745483621,7.21231,-0.92744,0.05445724056240677,7.17976,0.8746,0.009194339780583587,8.14559,2.58672,1.1252592890044377,10.11863,3.37186,0.7409519359945195,12.10113,3.27661,0.18152848339193978,14.13137,3.20671,1.11286325762988,15.94591,3.80162,0.012708212814584618
3540,9.88365,-2.88267,0.2083797491795,8.08092,-2.41447,0.13954872952367273,7.21415,-0.92264,0.0973508841161292,7.1879,0.88646,0.11451430469525091,8.15212,2.77587,0.007912445603470614,10.00637,3.57888,0.01622043589526124,12.10629,3.29133,0.009213108599014625,14.2975,3.08475,0.0076579098182697584,16.08769,3.60125,0.04937896974086928
3560,9.98366,-2.88437,0.17175530401520214,8.07248,-2.41728,0.06738786253810983,7.20973,-0.92287,0.09635068127915453,7.18121,0.88505,0.05195238409732431,8.15934,2.57555,0.20161749593736042,10.02126,3.56571,0.7067990018443578,12.35091,3.2609,0.0068955614542765085,14.48399,2.94683,0.19518992842152286,16.09204,3.59906,0.003699603507557664
3580,9.8933,-2.88681,0.18756550735013464,8.08111,-2.51376,1.423447905756869,7.19566,-0.9063,0.14719204135583508,7.19233,0.90649,0.09936005040106201,8.15248,2.56359,0.14880302100550694,10.24154,3.49735,0.028394654720532122,12.35336,3.26044,0.001279791887226792,14.49767,2.93853,0.002247084229847962,16.09158,3.59554,0.3665731254409762
3600,9.95928,-2.88596,0.44789243909802945,8.08431,-2.65852,0.06386695792095161,7.19691,-0.90565,0.011885039401498092,7.19669,0.90682,0.01119025078387252,8.1393,2.53507,0.22047154798294885,10.24475,3.49203,0.04512601106292467,12.56333,3.20265,0.36271064524902275,14.58105,2.85303,1.539221140599177,16.3021,3.53783,0.35361707341945114
3620,10.08885,-2.88639,0.15884716823555936,8.11449,-2.62587,1.5242789758775273,7.20146,-0.90521,0.15796416650757802,7.21217,0.92529,0.13691965347601784,8.11747,2.48653,0.15945464610342489,10.28467,3.14021,0.07668671101977512,12.5936,3.19752,0.0060928699694814265,14.6824,2.77727,0.02043027152973927,16.33049,3.53506,0.03240512439997955
3640,9.90367,-2.88737,0.002560700509867325,8.11498,-2.50092,0.013214890899227946,7.19412,-0.90423,0.004951650611253964,7.20341,0.92679,0.009386691543868859,8.13771,2.68481,0.23515567207048776,10.28562,3.24939,0.0010969502158755988,12.58391,3.44449,0.008506053124687699,14.67792,2.78818,0.041354436507075584,16.54403,3.40929,5.860810158819859e-05
3660,9.90335,-2.88547,0.07799037625234863,8.1203,-2.50065,0.35881451711051504,7.19824,-0.9029,0.11968145429533031,7.21301,0.93951,0.27432245501466557,8.12092,2.69202,0.008409218543625193,10.34808,3.21017,1.3854848280185796,12.58283,3.44567,0.001647462876075579,14.51469,2.95772,0.2056282551983945,16.54333,3.40948,0.002937449671215414
3680,9.9055,-2.88496,0.16350893529499871,8.0842,-2.4401,0.13737521620820492,7.19486,-0.89703,0.09428592066443897,7.22431,0.96102,0.00965647673951767,8.22946,2.69867,0.09921714328976834,10.52393,3.18074,0.00326070878625593,12.57132,3.5951,1.177373450894155,14.49592,2.94408,0.003254632414164532,16.25163,3.26968,0.5986305494887759
3700,9.99311,-2.88536,0.2589930571214279,8.10501,-2.47689,0.1450735573176578,7.19633,-0.90036,0.10050593990723308,7.22414,0.96071,0.003782411262787058,8.21173,2.66622,0.03923531223962154,10.50142,3.16898,0.9995930828887906,12.56859,3.69196,0.017952800077490814,14.31647,3.10898,0.07649389225991725,16.3317,3.26788,0.011998443063600518
3720,9.85163,-2.88599,0.26562221183631846,8.09687,-2.46623,0.10732319123601552,7.18721,-0.88786,0.025733985239577047,7.24399,0.99326,0.007219627915624291,8.2107,2.66495,0.019644044186878606,10.29089,3.09782,0.00950302997718639,12.55247,3.6867,0.11175591980775008,14.30808,3.11115,0.0006794084497214339,15.99515,3.15085,0.4509563608902511
3740,9.84987,-2.88561,0.006824342742482661,8.08891,-2.4524,0.002786151997876755,7.18144,-0.87791,0.003864515927841984,7.24337,0.99307,0.004331096319323431,8.18718,2.62523,0.0075630149521428965,10.29071,3.10044,0.3807779351363352,12.31055,3.61264,0.20792784807551506,14.13304,3.28024,0.07040322948580116,16.10735,3.14936,0.01263613844626035
3760,9.84236,-2.88818,0.026230106496044778,8.09426,-2.65244,0.5566881950261475,7.17296,-0.84621,0.08883282993415104,7.26217,1.01088,0.021423434112315023,8.20314,2.62575,0.004773142993393159,10.53105,3.13826,0.020633660631809644,12.32935,3.61239,0.0010244227058610687,14.12736,3.28445,0.009773763058912605,15.81114,3.05952,0.7935534824597322
3780,10.05683,-2.88526,0.2647067036672057,8.09582,-2.69834,0.0022067571037298946,7.16365,-0.8397,0.31027316256275783,7.26038,1.01127,0.23072609549130196,8.2125,2.6539,0.3260275078651454,10.52635,3.13879,0.04057395962376112,12.33345,3.85839,0.015889845760616788,14.27822,3.24482,1.0927635906765536,15.87701,3.05079,0.011521868624838963
3800,9.97857,-2.88633,0.2620865578381484,8.11745,-2.49188,0.1957466553243199,7.16417,-0.83876,0.12622879805204182,7.2648,1.02252,0.08620569552550791,8.2094,2.65392,0.23388932864963433,10.50614,3.38611,0.0037304028083683036,12.33502,3.86001,0.00021284055247269997,14.36198,3.23855,0.022107960506693083,15.8782,3.0507,0.0030373805765280823
3820,10.01082,-2.88539,0.10584528387311773,8.10926,-2.48027,0.141779463377343,7.16296,-0.83961,0.0998016670363168,7.26319,1.02285,0.0683692287565368,8.23308,2.69766,0.11859463383683935,10.50738,3.38653,0.004485144558980172,12.53441,3.75611,0.3005024668130837,14.3659,3.24006,0.014097439332906378,16.12142,3.00522,0.006362183720984788
3840,9.95842,-2.8843,0.1323579929783625,8.10771,-2.47854,0.027629625634816652,7.1636,-0.8368,0.21298260715201123,7.26871,1.03058,0.14888256560982632,8.23629,2.70096,0.25352918063120944,10.35971,3.315,1.1718700686911196,12.55689,3.74899,0.007479140763467602,14.36304,3.48106,0.08195844496061984,16.12166,3.00555,0.0009221184507257847
3860,9.91177,-2.88479,0.2244024104478447,8.05936,-2.39311,0.028917999214580506,7.15936,-0.83251,0.041002663295045885,7.26855,1.03424,0.08951172521733658,8.23284,2.70094,0.14386179266797589,10.27898,3.29119,0.012543550121954211,12.54081,3.75342,0.4235024492923158,14.3643,3.48745,0.004636824624841986,16.33394,2.96206,0.34965053343186614
3880,9.85462,-2.88449,0.18297571280084668,8.05244,-2.37779,0.21214749991246779,7.1573,-0.82803,0.20886317957276831,7.27023,1.03417,0.05602142389860999,8.22091,2.67781,0.2296413271153895,10.29859,3.30541,0.8695117077820477,12.53591,3.9942,0.004709831563264702,14.5954,3.41454,0.0624747149904298,16.36453,2.96076,0.001641336438753415
3900,9.96061,-2.88373,0.13051564843546462,8.06226,-2.61833,0.07218683441119433,7.14381,-0.80216,0.020873621992755012,7.27884,1.03739,0.0038357698179885815,8.23137,2.67851,0.026099877916348473,10.52063,3.34157,0.0013449263742545618,12.53858,3.98466,0.03607706307285943,14.60195,3.41321,0.0035143460165033744,16.58788,2.91473,0.21314857365203496
3920,9.96729,-2.88358,0.0384356367271977,8.06249,-2.62425,0.0009396343362378211,7.14406,-0.80227,0.007499766004925047,7.27927,1.03771,0.029070429343445784,8.25483,2.7164,0.0219840551908084,10.51249,3.33561,0.49705673921923066,12.6551,3.75451,0.21944366368062737,14.83771,3.3871,0.12110573900050418,16.60702,2.91384,0.0036978630432225
3940,9.95236,-2.88671,0.14863255478469306,8.12435,-2.50945,0.6087188606643451,7.13988,-0.80381,0.12423899238563148,7.27759,1.04625,0.15559265635607525,8.24417,2.7166,0.11907192451468306,10.30061,3.23278,0.024360297123735077,12.65473,3.77194,0.0009319966790783568,14.84757,3.38681,0.002549163537017713,16.63039,2.88785,0.5636141848833912
3960,9.89114,-2.88494,0.11833846250950977,8.06978,-2.412,0.04365659811875071,7.1395,-0.8023,0.06728644292743852,7.27538,1.04581,0.015809468409250436,8.2202,2.68169,0.0337535873598602,10.3058,3.2295,0.025878717378747796,12.68874,3.52334,0.004993009579322401,14.61491,3.39671,0.16879282710478294,16.78888,2.8687,0.6333175259037089
3980,9.86505,-2.88406,0.1493532106014822,8.02758,-2.33709,0.14218069623613727,7.1365,-0.79218,0.11024317665904716,7.27806,1.04771,0.0574406375699683,8.22165,2.68242,0.07341007342592666,10.54386,3.23273,0.034315574271240504,12.69015,3.52381,0.00044895695523774185,14.59863,3.39749,0.009436572452921413,16.38603,2.87296,0.9419737224875868
4000,9.82597,-2.88436,0.19561425620426173,8.01141,-2.30847,0.11335698311846634,7.13731,-0.79177,0.020622735968041036,7.27784,1.04793,0.026326461459413072,8.23785,2.70736,0.09826044872497075,10.54668,3.23235,0.0020829498353372063,12.67875,3.3014,0.33018670036424835,14.59632,3.39623,0.013087357852203064,16.45306,2.93066,0.3417899358855723
4020,9.77966,-2.88442,0.15181850140299488,8.00402,-2.29824,0.06685558853229064,7.13779,-0.79527,0.12554389071530292,7.27736,1.04876,0.06752793333939741,8.23854,2.71042,0.0772179695347408,10.53764,3.24543,0.5670459615331004,12.67825,3.27558,0.011201623122102787,14.59898,3.60884,0.4446690290699026,16.47998,2.93172,0.01312269668070348
4040,9.75092,-2.8829,0.05399826445035986,7.98932,-2.27248,0.1272323065609012,7.12277,-0.76978,0.12387003183172099,7.27849,1.05205,0.07568533154737729,8.23861,2.7112,0.13188408398293078,10.53269,3.44621,0.3974079183861784,12.67538,3.27333,0.41386682000706354,14.59838,3.64342,0.035607080240858784,16.29167,3.04021,1.307004508579594
4060,9.80918,-2.88297,0.11563492985220242,7.99868,-2.28688,0.03879148278093597,7.12136,-0.76634,0.12352689635775946,7.27861,1.05265,0.08163373601065935,8.26402,2.75415,0.08557964876118672,10.51271,3.44885,1.2489477007415726,12.6295,3.03172,0.005026736832318299,14.5063,3.40452,0.08531749029235214,16.2712,3.07368,0.004331036244651183
4080,9.81257,-2.88306,0.12801826256249793,8.00158,-2.29497,0.09740767116184598,7.10265,-0.73651,0.04777254946795811,7.28662,1.06923,0.036037421989179724,8.26228,2.75326,0.06496275042046887,10.35272,3.30107,0.03529866530535727,12.62644,3.0318,0.04126270859203415,14.50382,3.41103,0.0025054168072083365,16.31077,3.03533,0.7872722276012547
4100,9.82697,-2.88423,0.10040426838343032,8.00535,-2.30111,0.11807421141600702,7.10104,-0.73478,0.07716080541803935,7.28748,1.06935,0.047495312472479984,8.26172,2.75121,0.27030600966056023,10.35016,3.29817,0.5228986507468145,12.50716,2.93759,1.3519424108337232,14.47169,3.3633,1.428945423515899,16.45597,3.02239,0.6625141216881585
4120,9.79969,-2.88331,0.09563539067009898,8.01571,-2.32115,0.15102643595788645,7.08593,-0.70704,0.19642670440082288,7.30047,1.09344,0.08960460691448839,8.24458,2.72414,0.042141505251937224,10.2328,3.07984,0.04342051872095026,12.48468,2.82656,0.008702446281901434,14.42967,3.17083,0.012716408518797455,16.33592,3.02136,1.5660459141927379
4140,9.79908,-2.88354,0.12472773429718824,8.02264,-2.33115,0.0868354598772935,7.09395,-0.72015,0.17677738539724036,7.30185,1.09349,0.11879590798133449,8.23846,2.70986,0.42290221167746833,10.23309,3.08157,0.022013340887771838,12.36727,2.76505,1.5260701473894138,14.38969,3.12371,1.3530671628559912,16.1525,3.02073,0.4622172000846158
4160,9.89533,-2.88801,0.26548755634325577,8.02858,-2.55678,0.2674631963369853,7.09222,-0.72251,0.15151637969485043,7.31281,1.10956,0.06306185794743151,8.21578,2.66475,0.19268132229788232,10.22386,2.88566,0.019489603774388114,12.29381,2.66607,0.0009759928362441256,14.34906,2.9334,0.0021477358986345344,16.2111,3.01991,0.03768182800551505
4180,9.95292,-2.88882,0.35124232523562526,8.029,-2.57583,0.037297140551513466,7.09394,-0.72048,0.11089381876949243,7.31563,1.10953,0.027011120072736768,8.20548,2.64224,0.19820137447754202,10.22358,2.88506,0.03561159296048054,12.20978,2.59995,1.6394257703315835,14.34763,2.93275,0.024744313405156867,16.26434,2.92551,0.7829128386539042
4200,9.99618,-2.89095,0.17602271374510312,8.03511,-2.56675,0.048418124176116656,7.0975,-0.72328,0.06718950889900235,7.31805,1.10782,0.08041008518708358,8.20089,2.62655,0.11984328135788384,10.22887,2.88468,0.004289808102938957,12.11346,2.49842,0.02541259698977086,14.15376,2.78916,0.07435775477653173,16.40633,2.8932,0.2982667106589963
4220,9.89088,-2.88519,0.9450552442441246,8.04992,-2.38122,0.00839093057211303,7.10819,-0.74673,0.06066080583245598,7.31014,1.10757,0.04100879186613818,8.18848,2.62636,0.031237252530164322,10.22904,2.88215,0.03453811550381808,12.11032,2.49582,0.28175735106450117,14.14581,2.7854,0.006388370320241951,15.96253,2.85592,0.44161774004900717
4240,9.8384,-2.8862,0.3623372608440352,8.04962,-2.38316,0.0706291204660637,7.10846,-0.74974,0.09321614968389863,7.31056,1.10758,0.018011569700929042,8.18367,2.61679,0.13521836221238978,10.22777,2.88316,0.05439515590347846,12.06129,2.44939,1.3645216113765524,14.11112,2.75731,1.4998290705876218,15.94695,2.8533,0.0912085799455553
4260,9.7747,-2.88583,0.03913358198902294,7.99766,-2.29269,0.05713049677741941,7.10654,-0.74238,0.02772182939387347,7.29702,1.08311,0.02333965163921667,8.18251,2.60982,0.01911876384598489,10.22524,2.88579,0.019896431584174347,11.9818,2.35342,0.03049401455535751,13.92804,2.66316,0.0017216536386090023,16.00724,2.61737,0.17986068265696545
4280,9.79237,-2.88509,0.13485553878245074,8.00677,-2.3051,0.04549648198089883,7.10945,-0.74364,0.04135949702936773,7.29818,1.08302,0.05900497696308412,8.17415,2.59299,0.017514125533392277,10.22777,2.88416,0.161118009199011,12.2071,2.41201,0.08593669739375004,13.95269,2.65158,0.9535215464011378,16.01811,2.61341,0.03471751060421813
4300,9.81312,-2.88628,0.04714952052194505,7.99492,-2.28813,0.12018910427881904,7.10305,-0.73936,0.1736010240517735,7.27421,1.04737,0.03871875459979816,8.16994,2.59246,0.17016137237970266,10.24126,2.88266,0.0036712763056929824,12.21565,2.41307,0.003831705110188831,14.16941,2.62483,0.0443586083468431,15.89382,2.52361,1.5266676003000648
4320,9.68564,-2.88492,0.07317577102383063,8.00558,-2.30108,0.1758769114802058,7.10641,-0.73759,0.22305478477426524,7.27555,1.04583,0.15018400347806926,8.16691,2.57975,0.27153979484272023,10.24121,2.88214,0.032247229008404425,12.21729,2.65268,0.13156783524445967,14.16748,2.62573,0.2819008042380909,15.84178,2.43377,0.008888452475947686
4340,9.6843,-2.88458,0.08191367645940044,7.98952,-2.27279,0.1603397548297088,7.10521,-0.73629,0.3122991973891342,7.25273,1.00778,0.15449558445952744,8.16528,2.57907,0.3485771365189017,10.25252,2.88064,0.04951570655754,12.21753,2.66363,0.0033500736465199663,14.16918,2.86168,0.13786729662488312,15.837,2.4346,0.024766368855726147
4360,9.68003,-2.88305,0.1489026621372708,7.99589,-2.28215,0.25184017917678597,7.10817,-0.73645,0.38855653997916667,7.25337,1.00603,0.20645107011532415,8.16743,2.5791,0.43364993599915774,10.25272,2.88284,0.035850639887069546,12.22568,2.67648,0.7121904737577693,14.17037,2.87249,0.007817898219533404,16.04557,2.39367,0.4723210529965416
4380,9.69958,-2.88302,0.3447748362575531,7.998,-2.28586,0.13697864549341363,7.10742,-0.73702,0.16819366118881615,7.25219,1.00425,0.17370298941404116,8.16029,2.56782,0.1539131834784859,10.25211,2.88319,0.02011702861236264,12.23943,2.7807,1.6435638624978903,14.18468,2.90509,0.8212954875157548,16.07074,2.39259,0.16801871457356873
4400,9.69184,-2.88401,0.2720090016504472,8.01716,-2.32329,0.1872325768308651,7.12298,-0.77071,0.2672866673838182,7.23066,0.9705,0.11226413113563928,8.15347,2.56165,0.24382088956299083,10.25151,2.8844,0.012770365835473934,12.24856,2.91139,0.2866070813125279,14.19337,3.12008,0.0014918277551531059,15.86274,2.55294,0.21336814995845843
4420,9.68227,-2.88453,0.04814422916147166,8.01682,-2.31955,0.21709136013117436,7.12068,-0.76784,0.1613786407480349,7.23159,0.97039,0.029964090080045185,8.15022,2.55325,0.26286729073080456,10.24147,2.88504,0.4808975165880263,12.3598,2.90386,1.5252037636360005,14.20908,3.16895,1.0069214183429553,15.87646,2.55397,0.04799648906132743
4440,9.72085,-2.88372,0.4964104338238921,8.0005,-2.29179,0.15491644097097504,7.1227,-0.76457,0.23974940123015645,7.21551,0.94288,0.12059696494795105,8.15038,2.55023,0.2520939425296896,10.17672,2.88301,0.047790648564851074,12.47991,2.90325,0.12590733778045368,14.22086,3.36621,0.002851596710466911,16.11282,2.52796,0.11129089857875848
4460,9.89967,-2.8853,0.16571893488927641,7.99994,-2.29692,0.03784825152427975,7.11404,-0.76281,0.042898453285268985,7.21312,0.94261,0.0046880332766328385,8.12556,2.5227,0.0011467739619462143,10.18446,2.89208,0.41254131932756555,12.46813,3.14928,0.01510109498839307,14.42327,3.25488,0.22815381905263102,16.1233,2.52727,0.004971072557272976
4480,9.84242,-2.88685,0.05013597525197291,7.98392,-2.26945,0.058777116555835625,7.1103,-0.75562,0.0561744661371165,7.20346,0.92442,0.035391867167440076,8.12705,2.52301,0.03526534453027327,10.41653,2.89908,0.08909774366901146,12.47021,3.15058,0.0028528131720585706,14.44104,3.248,0.010256994694479589,16.29649,2.52599,0.8775293039876875
4500,9.66918,-2.88584,0.006241353077413299,7.9477,-2.2051,0.03952061386082546,7.10566,-0.74678,0.0021699050907592757,7.203,0.9242,0.0013862760597201863,8.14731,2.55811,0.012671124060016924,10.41911,2.89564,0.02085793335628933,12.53156,2.90991,0.0031389340986199927,14.45159,3.46135,0.39279664197564224,16.36889,2.52668,0.003100098060684759
4520,9.66801,-2.88551,0.006710043273934229,7.94052,-2.19538,0.04605482831777975,7.09762,-0.73421,0.006719530803498444,7.20194,0.92405,0.0027000193283868296,8.14598,2.5579,0.002579253518434945,10.20933,2.88148,0.08787751165094249,12.53025,2.90969,0.0018911506533682326,14.45151,3.49347,0.006741105024278358,16.30542,2.53403,0.45389286835241627
4540,9.71086,-2.88632,0.18923986327743714,7.95099,-2.21407,0.002853364275746073,7.09685,-0.73343,0.024067299346057162,7.20238,0.92375,0.005523545758436239,8.1245,2.5215,0.04922805334159745,10.20157,2.88269,0.0018215382466474355,12.47555,2.67817,0.12202934356654188,14.44373,3.48432,0.04550784062859139,16.16304,2.67697,0.021538711368048954
4560,9.74322,-2.88555,0.019279365364938027,7.95055,-2.2126,0.028380606412831317,7.09609,-0.73121,0.011523131937413007,7.20259,0.92533,0.0975045616540562,8.12226,2.51815,0.0018626971982278783,10.21253,2.90419,0.5771891122804278,12.47378,2.66743,0.0055297627217812,14.33511,3.20033,0.055446723358152185,16.16461,2.67661,0.0012051379780506166
4580,9.69377,-2.88388,0.058043043225102044,7.96705,-2.23936,0.15076724754122767,7.10873,-0.75043,0.09812099531786313,7.2058,0.93291,0.00763247818982214,8.12271,2.51812,0.04952735197743762,10.21906,3.12658,0.03228684875136397,12.44498,2.66353,1.1393151227000307,14.33158,3.27138,0.00962135605513498,16.19174,2.70896,0.5425895172851236
4600,9.79498,-2.88384,0.4226701846194059,8.00578,-2.30502,0.17899680538939758,7.1311,-0.78697,0.16657246141468887,7.20672,0.93296,0.022136285119179124,8.14062,2.54613,0.046424251769258386,10.22976,3.09933,1.1269603651601923,12.32021,2.4753,0.0211145282487629,14.45045,2.99018,0.1889941607799017,16.40523,2.71571,0.029092698413440723
4620,9.88593,-2.88935,0.0384559839838389,8.01524,-2.55004,0.06491036739194328,7.12616,-0.77254,0.011515256613206739,7.22833,0.94994,0.032778446165445695,8.15546,2.54655,0.002931931210690336,10.33484,2.90644,0.0017825978887393984,12.32191,2.47403,0.03347898760208743,14.45377,3.05232,0.0058778546606577135,16.31485,2.74347,1.8852438290229487
4640,9.89492,-2.88906,0.07826760873259289,8.01526,-2.55457,0.01007819609171038,7.12274,-0.77233,0.07538235490672643,7.22645,0.95059,0.19684302282546368,8.16113,2.56225,0.14862254399353272,10.33531,2.90233,0.44926937412464685,12.26135,2.40798,0.9374128749336442,14.45086,3.01473,1.216370116729104,16.10786,2.76307,0.7544541135408739
4660,9.94908,-2.89085,0.06697100481402314,8.05454,-2.39583,0.13673468461266877,7.12844,-0.78916,0.05040321405842541,7.23443,0.97306,0.09875070601844521,8.14833,2.55054,0.0989048651355859,10.39776,2.88783,0.005226311863901484,12.2378,2.24202,0.0005276268898667295,14.48102,2.80322,0.0502885785578459,16.29245,2.72373,1.2400888865390653
4680,9.77821,-2.88906,0.08368711152498848,8.04596,-2.37683,0.031231507558177524,7.12947,-0.78877,0.024834051289879675,7.2354,0.97314,0.013834020237267314,8.15323,2.55922,0.08738883061421694,10.39753,2.88837,0.06982498930680106,12.39027,2.32559,1.3395189617494931,14.46804,2.78488,0.9167999474076215,16.39405,2.71752,0.008388645881790831
4700,9.78326,-2.88673,0.04010402054233214,8.01279,-2.31608,0.16414327655147284,7.14203,-0.80364,0.20426114717634522,7.2457,0.99207,0.13336053736448497,8.15578,2.56293,0.21492586525519775,10.39935,2.88507,0.01847632912010841,12.46727,2.33815,0.01171484557672073,14.43399,2.56358,0.060644441547961725,16.38405,2.71674,0.0715333470104159
4720,9.78556,-2.88654,0.13535091203858848,8.00764,-2.30712,0.04231895054086914,7.14238,-0.80445,0.09251194143051923,7.24602,0.99295,0.09502423752547108,8.1563,2.56423,0.1404676907264101,10.39943,2.88452,0.0024871728684873313,12.46557,2.35715,0.8119800748723504,14.43186,2.55831,0.0011426028743474277,16.22986,2.52062,0.14975243631695723
4740,9.79868,-2.88562,0.18983620997472697,8.00738,-2.30692,0.03718723324607469,7.14235,-0.8051,0.043366800132405105,7.24533,0.99473,0.15902360889154257,8.15735,2.5699,0.0681725408251934,10.38841,2.883,0.17121056030667448,12.46463,2.47545,1.5517269157235254,14.40322,2.50989,1.2253062861359376,16.23752,2.51855,0.050668243429505565
4760,9.75885,-2.88436,0.23545699327489875,8.00968,-2.31041,0.033168316554341735,7.14427,-0.8082,0.06590528270541852,7.25113,1.00499,0.022983852603447867,8.15879,2.57301,0.01158521425064035,10.37502,2.88133,0.02096715548345238,12.45833,2.59085,0.47592931999285953,14.38111,2.31463,0.006889659639652164,16.43044,2.43458,0.4609540198808797
4780,9.74099,-2.88423,0.07618059992392374,8.01222,-2.31289,0.02512146810461173,7.14526,-0.80704,0.08647092189347559,7.25226,1.00505,0.06490352610574558,8.16075,2.57373,0.05113903765160869,10.36383,2.88295,0.6109559549225418,12.33434,2.6389,1.393330445300596,14.38638,2.29527,0.6633254236790344,16.45856,2.43309,0.12031230162861503
4800,9.82565,-2.88492,0.366324351789384,8.01504,-2.32072,0.06545701202313389,7.13638,-0.79564,0.08299615941422417,7.25196,1.00668,0.04329982600910426,8.15871,2.57399,0.06747966973598707,10.31227,2.88188,0.015562153373247189,12.23585,2.65434,0.02967301052997618,14.38743,2.0668,0.0029665401862822905,16.20317,2.35665,0.2204502304703669
4820,9.86904,-2.88395,0.28901356892957497,8.01882,-2.31644,0.11312214937520579,7.14297,-0.79403,0.16063638740497668,7.25704,1.00666,0.019922157393187336,8.16459,2.57098,0.2183940312630236,10.31011,2.88175,0.3053222086501503,12.36642,2.60832,1.372985256284519,14.36948,2.06197,0.7805615019641106,16.21754,2.35649,0.046742066608902795
4840,9.85936,-2.88913,0.04378828552437391,8.02477,-2.48056,1.0056773368003298,7.12729,-0.77392,0.037320206607357055,7.25353,1.00097,0.07742127827796955,8.1662,2.56922,0.1632832219175667,10.24649,2.88103,0.039925816929418496,12.46513,2.59066,0.0053282353282837385,14.31203,1.83395,0.03561943969727992,16.17439,2.32345,1.445099427719718
4860,9.9845,-2.89158,0.09767190609867026,8.02672,-2.56337,0.0012684848918044882,7.12107,-0.7716,0.022885206784050895,7.26176,1.00217,0.06830868132005087,8.16624,2.56412,0.10120591213238264,10.24627,2.88301,0.012933909646271093,12.45374,2.82774,0.12789358229429768,14.2776,1.87394,1.523791173061577,16.10299,2.13354,0.002052336514712123
4880,9.90837,-2.88705,0.042808758462134375,8.09837,-2.46426,0.35268706302323416,7.12671,-0.77991,0.01758967199950078,7.24792,0.99331,0.03590915513750153,8.15038,2.55372,0.10673343597626656,10.25728,2.88829,0.14473996961992147,12.4527,2.83913,0.0004287409092051684,14.20822,2.06245,0.028146088542379325,16.09715,2.13353,0.04005914878596672
4900,9.90719,-2.8858,0.04845024159705109,8.07335,-2.42012,0.1719044735004802,7.12737,-0.77938,0.13380980240597054,7.24652,0.99301,0.05289477612194,8.14998,2.55344,0.23463010177191704,10.25727,2.88527,0.019587120851554753,12.43453,2.84581,0.7968058462034001,14.20812,2.06041,0.006712225608711654,16.13903,2.01872,0.9001197294329064
4920,9.92003,-2.88529,0.05338478626806907,8.0655,-2.4087,0.04376317027177951,7.12751,-0.78377,0.096041961819233,7.24418,0.99136,0.14542218092331777,8.14814,2.556,0.057596683302157115,10.27579,2.88617,0.5965595334861203,12.38103,3.0376,0.46844108195470474,14.14573,2.27739,0.567498610207909,16.26071,1.9658,0.21397654274009698
4940,9.87609,-2.88698,0.9353826522055345,8.02892,-2.34451,0.1251997855325321,7.1303,-0.79038,0.025832554193263278,7.23831,0.98097,0.018434452473880553,8.14731,2.55628,0.029247645220401238,10.48199,2.885,0.0536801035125259,12.37586,3.07761,0.36481909480146807,14.13644,2.30082,0.006417153936415281,15.91747,1.98723,0.4947013124129002
4960,9.77161,-2.88339,0.044675387308259824,8.02407,-2.3312,0.21535325039630915,7.13729,-0.79372,0.23408678891299517,7.23938,0.98128,0.12453554236953104,8.16322,2.57746,0.23650481346971416,10.44932,2.8854,0.9020048395355578,12.32982,3.30842,0.12804845671475415,14.07803,2.53705,0.08054899623941159,16.00008,1.98908,0.14011531962374443
4980,9.8008,-2.88475,0.25818486660134976,8.02072,-2.33259,0.07179593047088784,7.13688,-0.79942,0.029636333337402877,7.23121,0.97126,0.028204716617779395,8.15867,2.57662,0.05643992822179649,10.23632,2.88343,0.009343702586415743,12.32249,3.31222,0.03710124330906743,14.07467,2.54437,0.0023672843322163927,15.74335,2.10625,0.4668869975680995
5000,9.87182,-2.88581,0.21805058320090082,8.01893,-2.32922,0.08676356435936954,7.13351,-0.79627,0.010721975367424655,7.2319,0.97112,0.0019256824477158502,8.1423,2.55061,0.08387853435937637,10.23043,2.88309,0.448983267624417,12.15075,3.1547,0.16652842072166252,14.10257,2.60094,1.4902485915911095,15.78029,2.10719,0.02068459456092616
5020,9.84774,-2.88374,0.10790078233264273,8.02827,-2.56075,0.1385782512286815,7.13846,-0.79614,0.2943332252707583,7.23416,0.96138,0.26609491960712667,8.15067,2.54518,0.419630595750875,10.02982,2.88832,0.020787737103421876,12.13647,3.1558,0.00011956345735115557,14.23215,2.73577,0.001560965128091642,15.77921,2.10702,0.3208290956602179
5040,9.96601,-2.88916,0.2989321717164569,8.02897,-2.57211,0.0032010918061355477,7.13096,-0.79564,0.035647293280693874,7.22883,0.96102,0.04525054554884374,8.13728,2.53364,0.12143043371168116,10.03122,2.88808,0.004432368450780434,11.98853,2.96155,0.051195387084462834,14.31933,2.94531,0.24586947652272043,16.02111,2.07239,0.06688803279011311
5060,9.97182,-2.88743,0.18679168686383224,8.10992,-2.48651,0.304312974158369,7.14689,-0.81972,0.0020170332500589194,7.22434,0.95235,0.06392250508132855,8.12837,2.51892,0.1347844259431086,10.27047,2.89011,0.07378221540329963,11.99068,2.95905,0.05507891465198005,14.33008,2.96243,0.0015110338416920834,16.02253,2.07435,0.04235736245422941
5080,9.96203,-2.88946,0.12348570514105146,8.07805,-2.4354,0.0039697084473619545,7.14391,-0.81925,0.0025556674491238086,7.2209,0.95056,0.0014963995145192348,8.1046,2.48327,0.44435057144750406,10.25781,2.88975,0.13561622018653222,12.18183,2.96276,1.3425685758514148,14.33152,2.96276,0.01183877858758881,16.1826,2.26248,0.04134306527392956
5100,9.91595,-2.88803,0.07873941818523332,8.08095,-2.43514,0.03818922017433969,7.15278,-0.82726,0.21815823418248675,7.22186,0.94954,0.14211251669055625,8.13682,2.53409,0.015032861795732922,10.2326,2.88807,0.832958806879303,12.25156,2.96485,0.01637102039566734,14.40838,3.18776,0.1130197846111769,16.18601,2.26352,0.000846818749507009
5120,9.91815,-2.88505,0.1180838130377563,8.06147,-2.40439,0.04427197801462072,7.16382,-0.84763,0.044672565303394654,7.21347,0.94107,0.009262916179603323,8.13465,2.5349,0.032543572805113635,10.04452,2.88325,0.12440555142840276,12.28224,2.98512,0.9395466182608001,14.40935,3.19692,0.009820871549630567,16.0946,2.38374,1.5987117446915622
5140,9.90527,-2.88684,0.1655521502560427,8.05373,-2.39253,0.08794667724547815,7.16059,-0.84532,0.18091719728954447,7.21413,0.94036,0.0034795886390093255,8.10533,2.4839,0.0023924551213382814,10.0693,2.89183,0.9882543638116423,12.43287,3.00489,0.463396511498827,14.18483,3.10509,0.07838282269309371,16.07364,2.48989,0.0001855685574078034
5160,9.96669,-2.88373,0.5499630422491212,8.06302,-2.63562,0.01734618400819007,7.16559,-0.86,0.0014892914508336777,7.20753,0.9247,0.014949182988829033,8.11495,2.49567,0.027948113090858893,10.28599,2.89108,0.0002908617236584393,12.46714,3.00418,0.06995206353497598,14.17715,3.10419,0.0006372949961459629,15.87649,2.66073,0.15770354943792939
5180,9.99998,-2.88566,0.3139015192973417,8.06376,-2.63712,0.002264316418890039,7.16831,-0.86012,0.005870144174409571,7.20734,0.92455,0.054961093279418664,8.13965,2.53436,0.133295272519823,10.27514,2.88797,0.3539725162401766,12.23482,2.97769,0.0027665127925880265,14.17944,3.33795,0.17260583831215415,15.88905,2.66248,0.0014135144828098555
5200,9.97746,-2.88771,0.04185235330571964,8.1128,-2.48659,0.1696827945946535,7.19865,-0.89575,0.23635941925035436,7.20247,0.9118,0.12038574490061234,8.14476,2.534,0.34138764644808905,10.05842,2.88547,0.0008298208647523984,12.23327,2.97771,0.00034848219738979293,14.17965,3.35228,0.0019531243973452816,15.89798,2.66173,0.46963994025494904
5220,9.98131,-2.88864,0.21615713924493787,8.09797,-2.4724,0.002981652745024662,7.18777,-0.89436,0.0011297273897142037,7.19755,0.91108,0.0023201188773458855,8.09313,2.46272,0.006981467727167244,10.05458,2.89002,0.007687569322599246,11.98577,2.96252,0.007381316774420336,14.11017,3.10338,0.6502461290101365,16.13393,2.65925,0.003960492276457285
5240,9.92021,-2.88318,0.01865979065426601,8.08939,-2.44366,0.13532240265527484,7.20624,-0.91846,0.11524493366692895,7.19541,0.89078,0.13521119182090882,8.10321,2.46344,0.18347673186920804,10.21046,2.88574,0.02938774237513951,11.98644,2.96237,0.0010015195656437235,14.10328,3.11224,0.004607006917588306,16.06354,2.66267,0.42968332700214124
5260,9.95552,-2.8844,0.13661716142118308,8.08593,-2.44316,0.0882827087273071,7.2031,-0.91853,0.029835234601375372,7.19082,0.89135,0.04806437875956716,8.1001,2.4705,0.3996114022706892,10.21237,2.88751,0.04532433783825347,12.1015,2.96418,1.7169601397515601,14.10158,3.11302,0.009947666930218927,15.87437,2.72696,0.19819772486824555
5280,9.97069,-2.88436,0.08648291853379023,8.08743,-2.44268,0.027014048940982527,7.21173,-0.92813,0.04572828760303886,7.18036,0.87414,0.030134049858365517,8.12612,2.51097,0.06677104045105321,10.03154,2.88934,0.3420868684770157,12.23328,2.96401,0.0010102952355096496,14.02421,2.87734,0.022873011790469706,15.8903,2.7269,0.0006969267771634773
5300,10.02778,-2.88392,0.18758725351779112,8.09916,-2.68996,0.0016509454627386838,7.20565,-0.93022,0.027285599866270403,7.19209,0.89928,0.03840881295881322,8.12553,2.51847,0.0338437955581433,10.00304,2.88724,0.008269737735442607,12.14398,2.9482,1.8162095737725203,14.0253,2.87521,0.003842747021007754,16.11138,2.64483,0.11708202568793323
5320,10.02862,-2.88326,0.18912411005114757,8.09936,-2.68999,0.0008580969779745197,7.20622,-0.93278,0.2844094596704896,7.19382,0.90263,0.028963094921150248,8.11235,2.49665,0.032059162390611705,10.01151,2.88688,0.4572283896469653,11.98636,2.93774,0.003252999036948851,14.25767,2.84601,0.15146568185827125,16.12056,2.6442,0.027491820323198166
5340,10.0406,-2.88724,0.2991702437243937,8.14028,-2.5369,0.2472181868108784,7.22225,-0.9518,0.18320975515655985,7.20008,0.90286,0.27216506043660893,8.13723,2.52994,0.23884531480350643,10.24366,2.8862,0.09188006554753092,12.01452,2.93652,0.17047833883510025,14.2714,2.84511,0.006114443336659254,16.3251,2.56775,0.36328880973807576
5360,10.04611,-2.88387,0.26196522660254584,8.13905,-2.53402,0.0843632216938835,7.22217,-0.95177,0.013315711499279988,7.19337,0.89322,0.07299443392066883,8.13652,2.52808,0.09297752834086656,10.24081,2.8872,0.30707970203012425,12.23808,2.92363,0.007676616313050703,14.16554,2.6415,0.23209406830353094,16.30942,2.56593,0.3866714852801205
5380,9.96394,-2.88939,0.07953927113376967,8.10763,-2.48153,0.029632705181424464,7.22637,-0.95822,0.05252160579963438,7.17517,0.86885,0.021245779178889736,8.13242,2.52507,0.020853273715378325,10.08102,2.88794,0.04518093766025428,12.23617,2.92352,0.0009803366766413686,14.15622,2.62382,0.005993959882943262,16.0227,2.55132,0.5097833693048955
5400,9.99254,-2.88651,0.10809756078897706,8.11048,-2.48108,0.003007649262635996,7.2277,-0.95828,0.00124155012145386,7.17769,0.86708,0.010050356870993059,8.10487,2.47517,0.0906756749667333,10.08374,2.89001,0.013147927951976952,12.22988,3.17039,0.010940714670480158,14.36416,2.58833,0.4073751800602533,16.00392,2.53891,0.007839794349483793
5420,9.95687,-2.8828,0.042492258553903005,8.10493,-2.47276,0.17884630557683118,7.22237,-0.9495,0.10305255848931708,7.17941,0.86824,0.1459320423360322,8.10484,2.47475,0.15832182160235003,10.32277,2.89574,0.05705234432223586,12.23235,3.1713,0.0018974513843370874,14.38942,2.58652,0.07358189838821863,16.00109,2.53902,0.011506794514355495
5440,9.97454,-2.88616,0.11729282579495902,8.10326,-2.47238,0.04120336504260676,7.22234,-0.94938,0.02015708640962674,7.16676,0.85266,0.15081620588534997,8.13016,2.52153,0.11007820623207605,10.32866,2.89625,0.0035976269031654092,12.36355,3.35439,0.2930893139573778,14.38686,2.59004,0.03316323995052024,16.24202,2.49476,0.0636706968694336
5460,9.98293,-2.88736,0.08170544290312584,8.10034,-2.47115,0.01898132298380791,7.21204,-0.93432,0.04926904199484923,7.15391,0.83339,0.057289652698474,8.12996,2.52488,0.00976316269727301,10.12401,2.88973,0.4323539851553185,12.36687,3.37867,0.0061938248026910106,14.38062,2.83689,0.0007940978816587903,16.24702,2.49487,6.0586306359794174e-05
5480,10.00023,-2.88564,0.23558705432808846,8.11107,-2.63117,1.0580415074438903,7.20769,-0.93338,0.08221641939255016,7.15329,0.83299,0.1512837319243248,8.13311,2.5317,0.031628529927796446,10.09213,2.88808,0.07150968870707314,12.40233,3.40674,0.8446757087581389,14.38085,2.83679,0.0051684882237848445,16.29791,2.45809,0.6107343474419712
5500,10.07168,-2.88364,0.09353497534592752,8.11251,-2.71849,0.0007528997360878282,7.20846,-0.93526,0.12946142392567198,7.17991,0.87813,0.10479601848535262,8.11639,2.50413,0.08956723287409847,10.12169,2.90711,1.1060864366902747,12.45425,3.60736,0.01087532829449871,14.60624,2.92915,0.05731679577787243,16.48849,2.45035,0.008122338306676908
5520,10.02788,-2.88462,0.06768485472529064,8.14728,-2.54947,0.06178545106953452,7.21607,-0.94128,0.02303894818235907,7.19323,0.89172,0.05011233009059246,8.13598,2.52959,0.06069460968249443,10.33112,2.95075,0.0005536025775295896,12.45707,3.59748,0.04515917355957454,14.61022,2.93086,0.00047246312903076064,16.44976,2.69089,0.08485927475331313
5540,10.05731,-2.88726,0.02691155818071836,8.14363,-2.54896,0.03053843239925676,7.21373,-0.94133,0.013989602914175633,7.1779,0.8732,0.05760420446237519,8.13808,2.54049,0.03616540672538315,10.33411,2.9474,0.41927325354676453,12.5527,3.34318,0.40301382034690947,14.53706,2.97682,1.6403176389812393,16.44908,2.69795,0.005396233968455693
5560,10.03134,-2.89051,0.05427989734492297,8.10253,-2.47806,0.033320615528153665,7.21603,-0.94405,0.022755898949376602,7.17591,0.87184,0.005896889867124199,8.13852,2.5409,0.01196662206189398,10.57384,2.9182,0.025048982286999043,12.55341,3.37686,0.0017315372850355692,14.38012,3.02588,0.01867754554719675,16.14704,2.75215,1.2546312086503992
5580,9.85593,-2.88826,0.036316759123893594,8.10466,-2.47608,0.05407261795578735,7.21909,-0.94406,0.008190653053800402,7.17726,0.87197,0.0367347257129947,8.15227,2.56165,0.06804973390781657,10.56595,2.91553,0.035170148190197835,12.63547,3.14037,0.004131777058354115,14.60851,2.98264,0.16204454459013495,16.20382,2.75899,0.010580749009418784
5600,9.85546,-2.8878,0.0321647883479444,8.07729,-2.42659,0.03837193635784777,7.21598,-0.93481,0.018348554195711065,7.18384,0.88414,0.03555010349157032,8.15253,2.56162,0.0030720904804656256,10.33661,2.88777,0.03339830451363732,12.63412,3.14008,0.004676041224889219,14.62171,2.98154,0.00042531736429683253,16.20129,2.75941,0.011440904076159763
5620,9.9473,-2.88876,0.3889096438035812,8.08136,-2.42606,0.14202524911476264,7.21977,-0.93469,0.005527485169147685,7.18786,0.88419,0.03614868224868275,8.1416,2.53468,0.2697652689939368,10.33347,2.88661,0.05637680714220837,12.61387,2.90072,0.11792896730206569,14.61978,2.97986,0.01726431791732957,16.44623,2.71041,0.00478931740238007
5640,9.96084,-2.89081,0.2996173962524773,8.07632,-2.42608,0.027643726229601952,7.20116,-0.91329,0.1440644346858137,7.19196,0.89504,0.12498005011117862,8.13458,2.52759,0.1137277094604802,10.52911,2.88809,0.42760181135218783,12.61289,2.89069,0.005349493860773167,14.41774,2.84291,0.007113383560464387,16.44515,2.71024,0.0006649205111397925
5660,9.96132,-2.88632,0.418650129582012,8.08888,-2.6717,0.014029851147890016,7.19899,-0.91169,0.1276570146341422,7.19687,0.89977,0.0751651938381364,8.14991,2.55079,0.08708485554497702,10.56289,2.8859,0.07199934408337337,12.59745,2.88221,0.9022146865114966,14.41564,2.84266,0.013225940845599499,16.14832,2.6852,0.9174715043603777
5680,10.07907,-2.89003,0.24854123691443916,8.09009,-2.67289,8.804787686437227e-05,7.20453,-0.91116,0.08575284777416313,7.19607,0.89652,0.09101317224107351,8.164,2.56603,0.08532587744700114,10.41203,2.89437,0.44379347903734895,12.38372,2.79772,0.0016875018988161557,14.60666,2.76912,0.49820187339283317,16.19455,2.68222,0.01796687233874198
5700,10.06377,-2.88875,0.1229772574015566,8.13772,-2.54142,0.012009709000683128,7.19566,-0.90756,0.017594970242160935,7.19825,0.91666,0.011310132660406178,8.15155,2.56627,0.01124066748845955,10.4909,3.1304,0.0010811469471001293,12.39169,2.79975,0.032578794116465845,14.64146,2.76547,0.09621309239878036,16.43174,2.64012,0.09763425340327607
5720,10.04053,-2.88812,0.1941737348727442,8.14157,-2.54108,0.1555024873267699,7.19898,-0.90728,0.025489997100648698,7.20135,0.91698,0.01873196256766525,8.17022,2.59134,0.13837863894987384,10.48789,3.12916,0.42643751231254284,12.63068,2.79874,0.012062358387273969,14.55222,2.75385,1.6722332296782934,16.43962,2.63968,0.005554100120235565
5740,9.98408,-2.88559,0.04460073689450887,8.10181,-2.46607,0.227487367129957,7.20244,-0.90644,0.19373517644888696,7.21431,0.94215,0.10848860806558888,8.17162,2.59208,0.05820743514871124,10.35749,3.33382,0.029963957163483067,12.6292,2.79946,0.001754107730080683,14.39696,2.74828,0.014971575548255431,16.22951,2.58819,1.4783082297907277
5760,9.942,-2.8846,0.08643157053709025,8.11382,-2.48769,0.19123573392346835,7.20475,-0.90916,0.16342968815811468,7.21535,0.94269,0.05548847568466683,8.1949,2.6304,0.16601881914406288,10.3568,3.33715,0.0012910234396573883,12.60351,3.04585,0.035759201247071784,14.39651,2.7465,0.38666196022359783,16.19511,2.56669,0.02770765301754848
5780,9.94166,-2.88543,0.006163817783708872,8.08622,-2.44581,0.1052706837284606,7.19094,-0.89348,0.020945593636375836,7.22667,0.96716,0.007819293893380637,8.19132,2.63105,0.000564467272092977,10.20673,3.51778,0.13922115993955797,12.604,3.04906,0.0014823927343013499,14.62952,2.69666,0.06952704010578846,16.19375,2.56692,0.006525121406150867
5800,10.02379,-2.88583,0.11419824218780865,8.1178,-2.5009,0.04181946874675037,7.19248,-0.8977,0.010997193729420113,7.22845,0.96906,0.004433690172552052,8.21203,2.86728,0.1206562080098746,10.202,3.52996,0.001189916086626265,12.3645,3.11662,0.0060314696846010315,14.62158,2.69974,0.04476954871735085,16.43978,2.52123,6.731709477067595e-05
5820,10.03152,-2.8852,0.15233443130356833,8.12007,-2.50253,0.20212530292486827,7.19257,-0.89631,0.1777440874884335,7.23119,0.97227,0.48738028749948886,8.21213,2.87368,0.04277504042951491,10.18196,3.54054,0.7486049909881953,12.36409,3.11676,0.009967123623640899,14.54315,2.7237,1.8747647952739273,16.43967,2.52124,0.004673995620440216
5840,9.90987,-2.88605,0.15518749019130093,8.09625,-2.45681,0.06278314480161852,7.17622,-0.86518,0.006343523447258989,7.26972,1.03468,0.005918550514230542,8.21754,2.87213,0.03645759806501531,10.08287,3.74551,0.005749648180880983,12.14651,3.19523,0.25015137889028555,14.3864,2.74219,0.005340551371408338,16.12248,2.42198,0.5884428341572713
5860,9.91676,-2.88563,0.03625930063204614,8.09398,-2.45196,0.06556178365809089,7.17688,-0.86335,0.02968187774530353,7.26968,1.03389,0.01031778358467367,8.25257,2.73093,0.09436564154055113,10.09726,3.71159,1.2147430286742364,12.12504,3.20113,0.002983410213552729,14.13938,2.79273,0.03207479343433812,16.20529,2.42102,0.005967033379104692
5880,10.01255,-2.88366,0.4830449365173265,8.10126,-2.69718,0.008366129930336077,7.15108,-0.81393,0.02289091488406795,7.30741,1.08528,0.02872311943788611,8.26008,2.72782,0.0376524008250584,10.25525,3.5634,0.0014656231135834652,12.13034,3.19966,0.013104422192577337,14.13903,2.79393,0.005777212551624575,15.887,2.45142,0.8119346684648652
5900,10.1039,-2.8838,0.20549159193017288,8.10201,-2.69778,0.002122620513510509,7.14408,-0.81391,0.03744229902603311,7.30352,1.08514,0.02131518103329817,8.23339,2.69648,0.04876655744249789,10.2519,3.55411,0.5963122579740595,12.3382,3.15528,0.35626793978900695,13.97692,2.85161,0.9090513358832084,15.94988,2.45178,0.03298951387481357
5920,10.03061,-2.89026,0.0547092359346095,8.12889,-2.51678,0.4730873891393311,7.13817,-0.80223,0.026589367618874215,7.31416,1.10994,0.01494452924828757,8.20192,2.64618,0.17247017729255337,10.16675,3.32101,0.08666173612390307,12.32679,3.15184,0.16927441352156736,13.90283,2.86437,0.015216715217097462,15.69539,2.49627,1.5983400682145068
5940,9.97843,-2.88487,0.16492823761683537,8.12036,-2.4824,0.0015160371906865209,7.14722,-0.80161,0.004501145456099361,7.32004,1.11021,0.006849323866067497,8.22502,2.6753,0.007839615865913018,10.16451,3.32845,0.000300463186098744,12.07271,3.15833,0.001865155057584143,13.90209,2.86191,0.4069085071219211,15.7043,2.50388,0.00715847488207535
5960,9.93264,-2.88295,0.38137230446223613,8.049,-2.3699,0.18948104461796308,7.13194,-0.78187,0.15127298660214372,7.31033,1.10237,0.07953013765665835,8.22007,2.67503,0.09404271097694894,10.08459,3.09174,0.006908703899256842,12.07419,3.15759,0.0010414408464590845,14.14026,2.81962,0.024422652661022518,15.70151,2.50445,0.010141856047924768
5980,9.76051,-2.88443,0.06349390429591403,8.03626,-2.35065,0.07969693602228486,7.12803,-0.77952,0.12946913214743835,7.3111,1.10201,0.03674687551430327,8.18795,2.61963,0.13761563213224864,10.08426,3.09167,0.0009826537894744695,12.08447,3.40054,0.05736336720093066,14.13557,2.82188,0.02694374248201787,15.94825,2.46123,0.0021811167984196844
6000,9.76149,-2.88196,0.029023359573930103,8.04029,-2.35075,0.2760839035542372,7.12923,-0.77287,0.277635757944856,7.31199,1.10045,0.10014167158519874,8.18772,2.6131,0.2269680182276728,10.11309,3.08483,0.9173494162096157,12.08302,3.40553,0.0028371029632604772,13.91159,2.86081,0.15291993981775243,15.94692,2.4615,0.002867820894204665
