Timestep,agent_0_x,agent_0_y,agent_0_velocity,agent_1_x,agent_1_y,agent_1_velocity,agent_2_x,agent_2_y,agent_2_velocity,agent_3_x,agent_3_y,agent_3_velocity,agent_4_x,agent_4_y,agent_4_velocity,agent_5_x,agent_5_y,agent_5_velocity,agent_6_x,agent_6_y,agent_6_velocity,agent_7_x,agent_7_y,agent_7_velocity,agent_8_x,agent_8_y,agent_8_velocity
0,-1.04189,0.0911,0.0011172488491145256,-0.78142,1.56837,9.875821952187846e-05,-0.52094,3.04558,6.307361302511462e-05,-0.26047,4.52279,1.9399815155124738e-05,-0.0,6.0,4.308050061273075e-05,0.26047,7.47721,1.1014612693883359e-05,0.52094,8.95442,0.0001497969618745055,0.78142,10.43163,0.00023799743015438747,1.04189,11.90889,0.0008830923019332043
20,-1.01732,0.06473,1.2191698462364098,-0.77069,1.56287,0.5876049174940444,-0.52094,3.04558,0.0005852744351491635,-0.26047,4.5228,3.152529718735004e-05,-0.0,6.00001,0.00014064844944585312,0.26047,7.47722,0.00011011620755807586,0.5209,8.9541,0.00011990488626353752,0.94073,10.36441,1.0335234531410042,1.04422,11.91068,0.3402508846948338
40,-0.87062,-0.05458,0.298066999830888,-0.57093,1.55169,0.4658986713209751,-0.52089,3.04557,0.0031066362539408504,-0.07698,4.49048,0.8104928493655491,0.00238,5.9972,0.41303108012123646,0.38974,7.43072,1.447237927710945,0.56598,8.9176,1.2281223195142474,1.00957,10.34967,0.09057087573677128,1.24176,11.92449,0.5928183013956491
60,-0.77009,-0.07725,1.6028634115069222,-0.52673,1.53688,0.8695187222341463,-0.29735,3.04539,0.31741729916686756,-0.01582,4.48603,0.03172054097019124,0.21699,5.92125,0.23256179902096663,0.49841,7.41633,0.05355355048128831,0.75035,8.88017,0.1087116296560653,1.21356,10.33322,0.5642965378049284,1.28862,11.92567,0.007860214309956303
80,-0.66365,-0.08153,0.6911839150817902,-0.43769,1.4769,1.5771480556382182,-0.2804,3.04518,0.11367978485915625,0.01157,4.47113,0.9167677582121473,0.22915,5.91863,0.08362850906689494,0.51236,7.40549,0.8282071909913074,0.75859,8.87683,0.4429720871867471,1.24371,10.33209,0.20225888104094034,1.33407,11.90353,1.1599215509109817
100,-0.59691,-0.104,1.1074225266968525,-0.32338,1.44296,0.0026151526432719708,-0.1365,2.96361,1.1237535309675206,0.2156,4.45246,0.2012492788665137,0.43925,5.86745,0.40805848988605015,0.71771,7.34341,0.25023379181269645,0.96827,8.81127,0.31794144102744465,1.34606,10.28669,1.6211777359064512,1.52198,11.88759,0.16191687245558628
120,-0.45423,-0.16109,0.8489996698070825,-0.23376,1.41932,1.5773805206297977,-0.07185,2.94435,0.2473008393828164,0.2339,4.44034,0.8271316826828329,0.46492,5.86412,0.09701773541272275,0.7358,7.33781,0.47018526509222086,0.98811,8.80752,0.07567486097792413,1.46195,10.26898,0.4119132380210199,1.59672,11.85345,1.4470707846273754
140,-0.4054,-0.17402,0.009816199115705616,-0.11111,1.41182,0.4141876949067794,-0.03738,2.92076,0.9604141108099005,0.37385,4.37229,1.028730683815591,0.53983,5.81885,1.4901485602335072,0.86916,7.2941,1.3529333786713675,1.09512,8.75955,1.6392292689289076,1.50011,10.25396,0.9113002679016464,1.73038,11.83591,0.4631283585002236
160,-0.24322,-0.20694,1.122270987030499,-0.03976,1.35063,1.454847737987264,0.14223,2.89085,0.4545705296127469,0.43611,4.35342,0.3945162436708142,0.68231,5.78943,0.2656365498942626,0.96073,7.28147,0.16543602598722013,1.21127,8.73952,0.20248647595760003,1.68245,10.2143,0.5311126737958404,1.80348,11.80374,1.2300627313311205
180,-0.18899,-0.21184,0.33204763849057845,0.05882,1.31317,0.7354634828108931,0.16922,2.88522,0.5929083584549957,0.50608,4.33666,1.4387493731890257,0.70816,5.77515,0.894885263451324,1.02004,7.24526,1.3906641408290696,1.25044,8.71524,1.1644670864636864,1.71056,10.21017,0.19058309240584695,1.91948,11.78412,1.041387524340806
200,-0.02644,-0.29868,0.902718138608414,0.14732,1.29683,1.1906495548772016,0.36905,2.79979,0.30541138140650553,0.66234,4.32764,0.004351402572863975,0.91366,5.7349,0.25577916578534066,1.18692,7.20856,0.14946523713661133,1.44002,8.67377,0.19155417443837477,1.91754,10.15022,0.41497237158536104,2.02476,11.74791,1.1405186170453976
220,0.01716,-0.31412,0.3081362181788765,0.26394,1.29565,1.0324883300656802,0.3846,2.79499,0.10930638780088048,0.70698,4.28093,1.3952300471955041,0.92988,5.73077,0.5040898829076709,1.22196,7.18531,1.0774310221299157,1.4621,8.66163,0.8961156494435951,1.93937,10.14618,0.14888624764530697,2.14002,11.72395,1.1670278609591351
240,0.11713,-0.33287,1.6095218565708658,0.32814,1.29084,0.4531510769222231,0.57362,2.71854,0.5572266212688677,0.86467,4.21767,0.20645522939913272,1.12622,5.65985,0.4326769506021321,1.41049,7.15036,0.2637494143505763,1.6603,8.61214,0.33414780344840345,2.1228,10.09092,0.7887503165059977,2.22138,11.71158,0.0895786841416001
260,0.24086,-0.33834,0.42070136171514105,0.43918,1.19781,1.2362797041551228,0.60794,2.70964,0.1330786792166222,0.89516,4.19763,0.9322795793918515,1.15301,5.65373,0.10305194744710974,1.43885,7.13743,0.8901277791113626,1.68391,8.60629,0.48937437140625767,2.16915,10.08323,0.1745213775798859,2.32114,11.66631,1.6866477022411792
280,0.312,-0.38801,1.4983978279177985,0.51428,1.16028,0.004467613972889865,0.78987,2.63659,0.6966478077184064,1.09094,4.17167,0.27744287462539186,1.3507,5.59758,0.5375739777630312,1.63571,7.0784,0.32207399887450966,1.88758,8.55189,0.41180110262555164,2.33939,10.02908,1.0381170380381382,2.45153,11.64681,0.13388531833982134
300,0.43776,-0.44524,0.5147889308906157,0.61068,1.14932,1.6311542204849419,0.83275,2.62635,0.15408056135861542,1.11237,4.15841,0.8438043702536652,1.38498,5.5922,0.12146515980464222,1.65865,7.07176,0.48724574116201336,1.91385,8.5477,0.09327937286928857,2.39927,10.01935,0.20398187746416102,2.52975,11.60591,1.4936579199477675
320,0.46926,-0.45772,0.011035704002035898,0.74413,1.14595,0.211914389796183,0.89381,2.62095,1.2608661914641148,1.28052,4.06441,0.49308464766582705,1.53512,5.52991,1.1850936786341042,1.84315,7.02067,0.6483183122189664,2.08856,8.49715,0.937067604381124,2.44789,9.99106,1.126290192604245,2.67554,11.58325,0.23881831649664498
340,0.65994,-0.48192,0.7402349203077111,0.85019,1.07554,1.5725506961141147,1.06808,2.61877,0.23454612867766475,1.31203,4.05342,0.29254012414931135,1.61585,5.51298,0.09912631019230855,1.89159,7.01346,0.0612103807414856,2.15021,8.4878,0.07556450073128942,2.63029,9.95765,0.2750948869108645,2.76769,11.54084,1.5168264235471873
360,0.70419,-0.48465,0.153922691105273,0.94794,1.04893,0.3394398186698247,1.08175,2.61567,0.4311870953588233,1.44074,4.05362,1.4753782130799926,1.66431,5.48974,1.1679219627084534,1.99542,6.96319,1.6416381599594199,2.22435,8.45201,1.4685130645092757,2.64781,9.95478,0.062383059532081425,2.89438,11.52281,0.4366278485466937
380,0.84722,-0.55565,1.2078702505525079,1.02045,1.02783,1.249917044638315,1.27813,2.54421,0.4492298180643884,1.54417,4.05343,0.004031376480761364,1.84784,5.47141,0.2128506899271988,2.11968,6.94029,0.12688407949607636,2.38111,8.42995,0.16228418635732458,2.84357,9.9003,0.5637155754794532,2.96136,11.49072,1.1206099291712837
400,0.90645,-0.57126,0.3939522961112642,1.13716,1.02149,0.9908604805026205,1.30166,2.53934,0.16128911258246406,1.58938,4.01101,1.3167697613183176,1.86176,5.46815,0.4798054813912362,2.15323,6.91996,1.021071418886712,2.40151,8.41822,0.8840492308790854,2.87338,9.89571,0.2024398168794095,3.07662,11.4689,1.1742003411035877
420,0.98029,-0.59478,1.327538290627221,1.19462,1.01523,0.45308525764114804,1.46696,2.49621,1.056441917672148,1.74353,3.96375,0.35587969998693625,2.03425,5.40318,0.7724282906563,2.32924,6.89483,0.4583907665970369,2.58358,8.37669,0.5556225677367265,3.01636,9.85014,1.3410079097668441,3.15347,11.45834,0.148968043665452
440,1.12287,-0.60592,0.5281866013052294,1.3092,0.93336,1.28700860874487,1.52781,2.48861,0.22050241845916765,1.77911,3.94994,0.8859451818033158,2.07983,5.39301,0.17391828383345842,2.37056,6.88133,0.9500331861240567,2.62129,8.36909,0.5519538007879357,3.0964,9.83861,0.2836808330446724,3.25972,11.41636,1.651273856494069
460,1.20514,-0.65789,1.4689687575531942,1.38768,0.90457,0.004548612818718015,1.70406,2.41357,0.7904717626505153,1.97187,3.93684,0.32183258204162996,2.27623,5.35048,0.6121719527324091,2.5607,6.8206,0.3556208540055227,2.82091,8.319,0.45483366569588046,3.26246,9.79089,1.1638209280035299,3.3838,11.39917,0.14886341377659562
480,1.3351,-0.70702,0.4423737369717422,1.4976,0.91529,1.6353292025264212,1.75237,2.40026,0.15334057988845842,1.99528,3.92423,0.8353659477951231,2.31521,5.34593,0.11999203017750663,2.58625,6.81281,0.4900767684891181,2.85079,8.31442,0.09306206914662955,3.33196,9.78081,0.20299241770580762,3.47594,11.35863,1.603694513180442
500,1.36344,-0.71622,0.013080104037597223,1.62165,0.91788,0.14725064836925122,1.82924,2.39914,1.4165417712394748,2.17566,3.8352,0.3890823929989897,2.48719,5.28016,0.8954408981631385,2.78608,6.77717,0.5102678954895351,3.0428,8.26287,0.6609077227761201,3.39444,9.74873,1.2557491974683543,3.61533,11.33946,0.16624240815990166
520,1.57312,-0.71036,0.47574902861528207,1.73181,0.83708,1.463461747327613,1.99563,2.39903,0.139107734531389,2.20327,3.82927,0.37252154973143176,2.54998,5.26661,0.053433483634105876,2.8256,6.77358,0.03343507728370667,3.09041,8.25571,0.040744032277286346,3.57329,9.72086,0.1648759533024137,3.70721,11.29776,1.5345593740270014
540,1.60651,-0.71041,0.07505755429416429,1.82609,0.8033,0.21698926767374832,2.0057,2.3958,0.4377006933373816,2.36901,3.84555,1.0684316064843222,2.60253,5.25132,1.2127577704430799,2.9688,6.71332,1.243595644414212,3.20648,8.2134,1.5843239165383876,3.58473,9.71903,0.026497011517178082,3.84333,11.27973,0.2990145692544287
560,1.78562,-0.81105,0.5499638139463985,1.91576,0.81686,1.4696936107991752,2.22255,2.30969,0.15843114910651396,2.44461,3.84801,0.0035763178927639525,2.79426,5.24149,0.07497267666722306,3.0602,6.69509,0.03183964845926593,3.33082,8.19734,0.04171774462782369,3.81048,9.66364,0.2108240087334393,3.91807,11.24369,1.260105156702824
580,1.82102,-0.82448,0.09650874706773653,2.05716,0.82323,0.3551508227688727,2.23184,2.30751,0.0010355762324834605,2.56941,3.76832,1.2979646174777677,2.82261,5.21581,1.0574147696252079,3.16041,6.66422,1.674508345446602,3.40125,8.16179,1.4304457919710347,3.82483,9.66151,0.03711997817068951,4.07281,11.22178,0.4358869468435265
600,1.91825,-0.81906,1.6450444456362499,2.08323,0.82042,0.4504381593810748,2.4413,2.29697,0.48092522217622885,2.66171,3.73811,0.07620147086592016,3.01786,5.1667,0.21202232234032858,3.29838,6.65262,0.10464467199910914,3.5643,8.1394,0.1312241425888759,4.02021,9.60562,0.5717803186251396,4.10658,11.21725,0.0279038909513639
620,2.04634,-0.81796,0.3321652764193728,2.21779,0.72982,1.076831617369554,2.47358,2.29608,0.09315584937688008,2.68885,3.72877,0.8765358913817416,3.03182,5.16402,0.040783115966220966,3.31653,6.642,0.8191032787127918,3.57556,8.13588,0.42937754305707565,4.05817,9.5996,0.11090607942463523,4.22641,11.17105,1.520621237227472
640,2.11422,-0.86008,1.3903225222812665,2.2911,0.70139,0.001344659770675095,2.63527,2.1897,0.7028733163068055,2.90129,3.71883,0.13229695012471251,3.25374,5.11308,0.2699779298435507,3.53218,6.588,0.16064035589984232,3.79866,8.08136,0.20234865538976538,4.22523,9.55202,1.1046090789277485,4.3444,11.15552,0.053416037771419775
660,2.25807,-0.91283,0.45255317721410654,2.41493,0.6969,1.5487973577933405,2.67926,2.17097,0.1292212900679851,2.91673,3.7063,0.8418398555240725,3.27195,5.11092,0.04935882870922596,3.54539,6.58379,0.4346292790968994,3.81232,8.07947,0.03738135538000109,4.29332,9.5432,0.17849444214477425,4.43965,11.11514,1.6369682424764842
680,2.28901,-0.9224,0.01159972869222217,2.53042,0.6958,0.12111802518664089,2.7335,2.17664,1.1853879322300387,3.09816,3.60919,0.34599885624982624,3.44751,5.04755,0.8471158328308629,3.74634,6.5366,0.4823394502361157,4.00667,8.02709,0.5952970776724943,4.33658,9.51869,1.0526804010524795,4.57637,11.09855,0.14745174558586616
700,2.49175,-0.93787,0.5559986003408411,2.65317,0.62416,1.4149706983470185,2.91615,2.18058,0.20074425588053565,3.12133,3.60394,0.4024426279691246,3.5064,5.03633,0.059083031673283826,3.78317,6.53218,0.03713938060803575,4.05149,8.02061,0.04555642561201608,4.52859,9.48555,0.23706016879696792,4.67935,11.05759,1.6394912477833985
720,2.52911,-0.93933,0.10794039093559456,2.7421,0.60204,0.2500501396527606,2.92846,2.17769,0.4346956553129335,3.26667,3.6227,1.298496174628856,3.5586,5.01716,1.2088798951121553,3.9044,6.48275,1.5102579696852438,4.14092,7.98175,1.5998013470436598,4.54435,9.48317,0.046274466161830355,4.80037,11.04315,0.333412246166888
740,2.69866,-1.01071,0.8863296143856153,2.83236,0.59188,1.4733901089328783,3.13431,2.10433,0.33602345778764964,3.35548,3.62635,0.002939228069211384,3.74355,5.00484,0.15380943123916732,4.01705,6.46491,0.08091036997751289,4.2868,7.96247,0.10315337116270738,4.75207,9.42574,0.4152835961423591,4.87769,11.00664,1.2858424447289085
760,2.74286,-1.02115,0.2772367875058177,2.94635,0.58999,0.7131462741759315,3.15243,2.10071,0.11466270838028376,3.40524,3.57994,1.3637770290912588,3.75361,5.00216,0.4197946701096189,4.05152,6.44416,1.0340369771660043,4.3064,7.94885,0.8999639905858645,4.77462,9.42215,0.14164875730831225,4.99719,10.98854,0.9127631558345669
780,2.82855,-1.03668,1.4826133782404856,2.99031,0.58532,0.44973831722760127,3.33236,2.06106,0.8880798311155432,3.56021,3.53073,0.2755217804449321,3.93754,4.93922,0.628053261530613,4.23421,6.42006,0.3598925668774747,4.49563,7.90728,0.4517152507425272,4.9339,9.37355,1.1540901171922566,5.05783,10.98015,0.09475852906195897
800,2.96528,-1.04228,0.4294745131686348,3.1149,0.4976,1.1673585118125946,3.38427,2.05547,0.1666405568807284,3.59303,3.52036,0.8765693267281457,3.97785,4.9314,0.13457906279894513,4.26952,6.40738,0.901164607877368,4.52763,7.90066,0.5108101812634901,5.0021,9.36361,0.2136998052512181,5.17171,10.93595,1.5769786190476482
820,3.05458,-1.1002,1.5416534220837286,3.18873,0.46852,0.0024514326748166873,3.56578,1.97593,0.6662441862452088,3.79663,3.51105,0.21517777387183187,4.18873,4.88424,0.4098365367657755,4.47326,6.35254,0.24831037747671944,4.73924,7.84702,0.3158084011860191,5.18497,9.31151,0.916890499408317,5.29252,10.91951,0.09359377113730623
840,3.15357,-1.13719,0.7062029956401212,3.23452,0.48534,1.1573487029161174,3.60038,1.96753,0.23895876153632545,3.82005,3.50224,0.7481502493705225,4.21045,4.88157,0.14667413968078746,4.48892,6.34763,0.5050699326471147,4.75595,7.84447,0.11354017305182112,5.22913,9.3049,0.28985490934761393,5.32379,10.89501,1.0383776118465509
860,3.20097,-1.15361,0.014139146624525683,3.41961,0.49675,0.18824397660956818,3.68851,1.99067,1.5096816752538218,4.02834,3.48267,0.2859561902698074,4.41125,4.85951,0.6374949111462049,4.69953,6.30287,0.35539187301352093,4.96121,7.78908,0.4514001104817842,5.30394,9.27171,1.3071078470428954,5.51775,10.85883,0.22464559684841068
880,3.35285,-1.14429,1.2851624807964226,3.44928,0.46769,1.2776676962373896,3.83141,1.99983,0.2885362925734248,4.05111,3.47966,0.4346076290239052,4.45446,4.85739,0.09124211076891389,4.72448,6.29983,0.053128479139580895,4.99283,7.78413,0.06807703365041498,5.46236,9.24967,0.3548244515950053,5.5447,10.844,0.8366496943417123
900,3.43835,-1.14328,0.13938344830246324,3.61594,0.39872,0.40811359243467676,3.84754,1.99676,0.44181929359329236,4.23436,3.43974,0.7608062274846239,4.56699,4.83466,1.666061000548732,4.89081,6.25175,1.04149311848517,5.13622,7.73724,1.3230327473176078,5.48788,9.24599,0.04626813153013954,5.73009,10.80388,0.5400962657136587
920,3.53956,-1.20169,1.653990897533832,3.6502,0.3938,0.5794345713125382,4.02302,1.88724,0.4658013184693219,4.28756,3.43357,0.06314893751647872,4.69404,4.82746,0.14009802802973842,4.961,6.24246,0.08042998463691868,5.22826,7.72443,0.10181391850724898,5.67851,9.19182,0.6242742739691125,5.77322,10.79556,0.4859826379986039
940,3.66146,-1.23137,0.14996597680452778,3.85204,0.39731,0.43471809360498853,4.05073,1.87626,0.005029327905837596,4.46954,3.35708,0.6377046718218168,4.76578,4.77495,1.4611534485395041,5.13571,6.22662,1.0132887242174893,5.37999,7.67675,1.2568230899267685,5.72508,9.18441,0.05975283473004716,5.97,10.74426,0.5122996994826798
960,3.72443,-1.23821,1.2980306784112183,3.88144,0.39431,0.442272294149285,4.22367,1.90217,0.9832584049935457,4.5152,3.34598,0.07350049101677217,4.91161,4.73533,0.23737555225251095,5.20327,6.2245,0.10314452216116998,5.464,7.66488,0.12361126651664933,5.87888,9.14104,1.217249000487353,6.00739,10.73905,0.05965324138090555
980,3.89354,-1.24159,0.2722319770372266,4.05952,0.31674,0.6257731280470035,4.28952,1.9055,0.10175035481914939,4.62848,3.32322,1.6514177507998158,4.92719,4.73099,0.00039809507056676207,5.25339,6.18665,1.245124011917598,5.49928,7.6426,1.0138858891055778,5.96008,9.13108,0.12170827026254895,6.18235,10.69124,0.9206118051265146
1000,3.94097,-1.26781,1.1217065536754098,4.10516,0.30546,0.0012453175736248205,4.41822,1.83241,1.3395912070450038,4.7572,3.31614,0.0907468333618928,5.13899,4.72024,0.4534025672403425,5.43202,6.14634,0.1558943907173456,5.69904,7.60687,0.1892312927132965,6.06944,9.08841,1.6991266105024219,6.247,10.68316,0.04849302786951494
1020,4.053,-1.30154,1.2704939783094564,4.15077,0.30568,1.1424316961196155,4.48525,1.81542,0.4413498468055926,4.77338,3.30548,0.7924586864685503,5.16324,4.71979,0.16224030965015274,5.44268,6.14212,0.46774070072009044,5.70903,7.60542,0.06794028487887652,6.16306,9.076,0.5673368203696124,6.27504,10.66001,0.9867275105436093
1040,4.13982,-1.31793,0.011732688694368104,4.33714,0.30541,0.21203739418779438,4.54315,1.80843,0.9876417886025284,4.97823,3.26839,0.32418765652995785,5.2938,4.64539,1.3158663014647478,5.64886,6.09549,0.4136452486576989,5.90897,7.5527,0.5216435910585981,6.22329,9.05473,0.9426496833057518,6.4694,10.6267,0.2601996053049864
1060,4.26783,-1.32767,1.5166021849831852,4.3674,0.27612,1.2389186935548275,4.71096,1.8076,0.5718150114755552,5.0028,3.26377,0.46427412807168,5.37584,4.62113,0.2234056157916136,5.6768,6.0921,0.0761166285202415,5.94407,7.54749,0.09619031055988106,6.3901,9.01888,0.696104475280476,6.49825,10.61194,0.8601718364928685
1080,4.3757,-1.33044,0.15505649797092544,4.5387,0.20998,0.3715267685667914,4.74863,1.80379,0.4429645093335423,5.19231,3.22202,0.6208372123440979,5.44453,4.60256,1.3143899588645624,5.85056,6.03338,0.857857460739161,6.1004,7.50063,1.1807812276794103,6.43955,9.01143,0.07934344900765639,6.6871,10.57025,0.48429231940541617
1100,4.49032,-1.3927,1.52698875052989,4.57161,0.21072,0.6496087185264354,4.92907,1.71526,0.5357831924148013,5.23857,3.21651,0.019527665627843416,5.61249,4.59434,0.23094017623981297,5.91016,6.02279,0.07982663641546925,6.18053,7.48965,0.10170420463748356,6.62613,8.96007,0.6938430028487911,6.72686,10.56104,0.5737097331404034
1120,4.59817,-1.41913,0.15784343452600302,4.76652,0.2206,0.48027650212165435,4.96355,1.7055,0.002612618619133418,5.40813,3.14045,0.8005244136572675,5.6596,4.55615,1.3243973787455035,6.06944,5.97593,1.1417541053788847,6.31526,7.44541,1.4329004351220604,6.67605,8.95246,0.07563082368124785,6.91746,10.51123,0.5672043522620845
1140,4.69039,-1.40936,1.5751015893550067,4.80007,0.21791,0.44156224010152495,5.16387,1.70244,0.5863290391790295,5.46597,3.1257,0.0599603652798209,5.83155,4.4914,0.21197338592955234,6.1486,5.96562,0.07665376146883891,6.419,7.43165,0.096576017050249,6.86317,8.90129,0.7174242658396376,6.96068,10.50511,0.0441032292886938
1160,4.8204,-1.4067,0.39065473444611004,4.92673,0.13389,1.21274018499087,5.20219,1.70189,0.12575525392119685,5.54295,3.08987,1.4810195067119853,5.84268,4.48774,0.0019191104258868927,6.20041,5.93079,1.2697980342056177,6.45164,7.40987,1.018762069413173,6.908,8.89469,0.14823285216114893,7.06909,10.46112,1.6346507545326074
1180,4.90178,-1.45774,1.48668235564723,5.01045,0.10336,0.00439617278024021,5.37463,1.59143,0.5738646098647232,5.70586,3.06945,0.05793658940257517,6.07274,4.46284,0.2189735728560222,6.38447,5.89389,0.07285521367461999,6.65879,7.37378,0.09256189283437022,7.09539,8.84338,0.8607670416663084,7.19941,10.44404,0.0449167256508236
1200,5.00533,-1.50017,0.7901878820282565,5.0558,0.1164,1.1402749163983468,5.40292,1.57957,0.20559757206721369,5.72005,3.05872,0.8305503996584764,6.08442,4.46229,0.07853755998349467,6.39074,5.89069,0.43218925819078396,6.66371,7.37312,0.033425820173321526,7.13711,8.83754,0.2759941652957733,7.22742,10.42049,0.9957765922436475
1220,5.06028,-1.52014,0.013356959039326948,5.24723,0.12505,0.14032893878159938,5.48965,1.58958,1.4847635803773085,5.92563,2.98855,0.21427276300793482,6.27567,4.39521,0.5911524208684349,6.60771,5.84128,0.28965149796968315,6.87779,7.31873,0.3515519705541442,7.21105,8.802,1.3080611743486257,7.42866,10.38528,0.17228719365385162
1240,5.26262,-1.50617,0.5591286237520858,5.34566,0.05318,1.606387149183607,5.6473,1.5945,0.1548286531906847,5.94214,2.98796,0.40588477407715284,6.32043,4.38703,0.045333106815898645,6.62977,5.83863,0.02212517268921118,6.90459,7.31492,0.02724290084992056,7.38329,8.77395,0.18253262744562607,7.50925,10.34562,1.4362351852326833
1260,5.30292,-1.5055,0.0755806412460965,5.45681,0.019,0.21097086468294363,5.65889,1.59175,0.4344079047061016,6.12025,3.00859,0.8975183604591603,6.3725,4.38488,1.2047856526509193,6.78846,5.78939,1.1160463618605458,7.03778,7.27026,1.4101157311799986,7.39628,8.77174,0.02526686465281329,7.65837,10.32467,0.27819635070770143
1280,5.47522,-1.59402,0.6936675308842613,5.52993,0.0334,1.3204716518309407,5.87927,1.52598,0.20184181640352294,6.1837,3.01158,0.0006767900535116934,6.56431,4.38374,0.09140321445212962,6.86947,5.77848,0.03490868521939617,7.14443,7.25653,0.04502014468965029,7.6178,8.71414,0.25373019432605187,7.71753,10.29243,1.1207246606685384
1300,5.52025,-1.60827,0.12820717512631616,5.68112,0.04167,0.4322950557977434,5.89177,1.52403,0.004268330029156684,6.30598,2.95573,1.4613226888433732,6.58427,4.36742,0.9105532444062334,6.96248,5.76508,1.603448729811121,7.20955,7.22231,1.3805344745368602,7.63485,8.71142,0.04693046761347513,7.87747,10.26586,0.5343927661660316
1320,5.61768,-1.59642,1.6287664632870522,5.71219,0.0394,0.4467633712409258,6.09947,1.51723,0.5030804224283837,6.41423,2.93657,0.08870773290669338,6.78811,4.32063,0.25958193021780024,7.1098,5.76063,0.1164121712787709,7.37699,7.19871,0.14354139954759065,7.82805,8.65372,0.5932106010852498,7.91869,10.26007,0.03581028531269576
1340,5.73176,-1.59363,0.5050229605192942,5.8055,-0.0328,1.587654489416683,6.12911,1.51659,0.14631678163212794,6.46195,2.90827,1.1988063845754215,6.80324,4.31826,0.07582095810271938,7.12486,5.74959,0.8084817465206146,7.38793,7.19523,0.44659380579715247,7.86258,8.64792,0.17341156188470644,7.9878,10.22048,1.4299176631590254
1360,5.76838,-1.59536,0.40732988965889577,5.9201,-0.07339,0.11121582945137587,6.23326,1.4339,1.4838523726259198,6.64359,2.88157,0.1908527155216845,7.00315,4.25977,0.5042511593377483,7.32802,5.69684,0.3196537154684457,7.59518,7.14234,0.3869926966983532,7.95026,8.61099,1.508008421856669,8.14743,10.19665,0.15389041472947626
1380,5.83761,-1.65023,1.5470858003971382,5.97423,-0.11844,1.4630269538684868,6.30563,1.4031,0.5169151240796487,6.66547,2.8697,0.8971101355420317,7.02979,4.25551,0.18080439573383486,7.34759,5.69171,0.5306826544580173,7.61566,7.13933,0.13874900654180009,8.05898,8.59726,0.7466558386493454,8.1824,10.17328,1.0496698423291995
1400,5.94863,-1.68627,0.5363571722271268,6.09591,-0.16375,0.632407533699917,6.33702,1.38333,0.848482450802801,6.79335,2.81395,1.1916661366373824,7.08949,4.2337,1.2822683823127299,7.46231,5.65013,1.5177993897140953,7.70192,7.10166,1.5880028207081915,8.10355,8.58924,0.6131838564173808,8.32098,10.14859,0.9824928218877462
1420,6.13755,-1.77354,0.4995065663173807,6.17307,-0.15162,1.2769037810427821,6.52365,1.32502,0.4324469573523701,6.87211,2.79155,0.46748581590441873,7.25984,4.2195,0.24829164344995555,7.57203,5.6336,0.10411472888963445,7.8426,7.08087,0.18970373522218925,8.29717,8.53147,0.4792841012223443,8.42338,10.11286,1.2498396181413185
1440,6.17105,-1.78674,0.06780067826709649,6.32929,-0.1422,0.3156362158284617,6.55026,1.32361,0.4331546774693529,7.05297,2.76921,0.8096722262062278,7.33515,4.16957,1.4574919818530652,7.73962,5.61732,1.08215493114448,7.99128,7.03312,1.2948171534445159,8.33106,8.52447,0.06474521082686567,8.58881,10.08267,0.35422524071943384
1460,6.28604,-1.77178,1.6525231073107005,6.35958,-0.15379,0.8605588806315322,6.75843,1.35837,0.41552078304360396,7.11016,2.76633,0.05360392394672152,7.48903,4.13111,0.14879171853689005,7.81494,5.61466,0.06852113353752495,8.08171,7.01924,0.08032153690526282,8.53478,8.4843,0.5090776942144192,8.61825,10.07537,0.46284729849625356
1480,6.41528,-1.7684,0.07575961992289593,6.55969,-0.23793,0.21030005275113356,6.78915,1.36022,0.008386869824637839,7.32873,2.75057,0.3708617090208743,7.54826,4.12608,1.1953368604874584,7.97256,5.52546,0.8848102197717302,8.23161,6.97379,1.2905321859614216,8.57486,8.48003,0.026566070254139405,8.83533,10.02652,0.28862316349841355
1500,6.50198,-1.82642,1.6148345968397277,6.57544,-0.23928,0.4085049674386801,6.97879,1.28002,0.5326371415622355,7.35734,2.74967,0.027441489139821647,7.73214,4.1248,0.19046290371446006,8.03472,5.50405,0.06197894774362835,8.32288,6.9622,0.0814957992947183,8.76195,8.42297,0.6975858646264184,8.85745,10.02374,0.021592885431552186
1520,6.63427,-1.86227,0.1666708752653593,6.77444,-0.20478,0.5381963035279778,7.01812,1.27156,0.050705002843929266,7.50372,2.69538,1.2418991199131233,7.74561,4.12468,0.0012073381135907291,8.08307,5.49385,1.1466047143141203,8.35477,6.94061,0.9908252915915572,8.8112,8.4145,0.062427787664169336,9.04252,9.96912,0.6930828754725208
1540,6.72136,-1.84911,1.506484893550641,6.78738,-0.20331,0.034030298198933176,7.21573,1.20277,0.5039898907223698,7.59302,2.68131,0.06240666392861628,7.94692,4.04364,0.39782919406514666,8.27385,5.48779,0.1546170659738521,8.55587,6.90546,0.18787710983538247,8.99994,8.35619,0.681061492712618,9.09635,9.96147,0.03960253724422966
1560,6.85795,-1.84482,0.3931703524599186,6.84386,-0.29786,0.7489090663880553,7.2484,1.19563,0.10291608508103389,7.64827,2.64312,1.3063125910600366,7.97257,4.03736,0.0810836952327241,8.28355,5.48509,0.411273716030942,8.56827,6.90381,0.03859744162698384,9.04296,8.3488,0.13397963503408422,9.17762,9.91758,1.5319615313927832
1580,6.88239,-1.84444,0.0003019326485621157,6.86626,-0.33639,0.22051422073636734,7.33194,1.1489,0.08986020776334687,7.81061,2.60953,0.2773129965766172,8.09221,4.01245,1.5869810641579671,8.45816,5.39945,0.6295297043725849,8.74221,6.85682,0.931061980028292,9.10987,8.3131,1.3569906180338516,9.31952,9.89584,0.22044386760229587
1600,7.00171,-1.92514,1.343929406693846,6.90115,-0.41057,0.6651251907683845,7.31774,1.13047,0.11903189902359697,7.86856,2.57145,1.3094641118685622,8.19951,4.00629,0.2701618736130377,8.49288,5.38945,0.0025438706954198083,8.79943,6.84972,0.15230898265217785,9.25779,8.28969,0.4136763328962864,9.39892,9.8581,1.4574716060924948
1620,7.07853,-1.95394,0.2981732209949745,6.92483,-0.44617,0.29760228245244685,7.31643,1.12156,0.25245236322743675,8.00578,2.53049,0.6240507662176409,8.22082,3.99438,0.8187792218374084,8.5836,5.38918,1.592346326906794,8.87419,6.81559,1.4595771163919797,9.28375,8.28549,0.09871324635770766,9.52927,9.83943,0.4856165289775904
1640,7.12194,-1.98545,1.3494352320164065,6.93363,-0.46552,0.7650702508615862,7.30392,1.0993,0.3283120461285769,8.03805,2.52198,0.2235818730206982,8.31301,3.93869,1.5585995283405558,8.68663,5.38901,0.6450762162137537,8.98534,6.80006,0.8105327606163194,9.33788,8.25672,1.297261939976598,9.55773,9.83276,0.6219553830131342
1660,7.28527,-2.04563,0.354017599412448,6.97784,-0.53981,0.18303242970512465,7.28918,1.07368,0.10265192857659881,8.09809,2.47751,0.1499192922225437,8.41856,3.90726,0.44274480833792035,8.756,5.34322,1.472010094806375,9.06663,6.77229,1.1342288418016488,9.50221,8.23302,0.3052687258469964,9.74359,9.79075,0.6259986044671841
1680,7.31547,-2.06223,0.9718142886445733,6.98403,-0.54972,0.415262467252978,7.28545,1.06637,0.1282171516943367,8.08921,2.46189,0.3098633192904432,8.4926,3.87934,1.4913059592243,8.85431,5.29335,0.8127102925210854,9.18316,6.75029,1.195722547437379,9.54805,8.21097,1.1791292829402469,9.77681,9.78659,0.22452397880909267
1700,7.50525,-2.1198,0.3548400998769683,7.02422,-0.61804,0.12463987833956842,7.2643,1.02965,0.1739705105182583,8.04938,2.39181,0.40345472305537544,8.6355,3.86432,0.004602626612296661,8.93423,5.28525,1.146874920120534,9.29375,6.7185,1.1548898906483098,9.7302,8.17997,0.2607602061039852,9.97157,9.73762,0.5938831944238975
1720,7.52636,-2.12616,0.5295247588894512,7.0273,-0.62332,0.07928441757407063,7.25802,1.01831,0.266858979312182,8.03929,2.3739,0.16209466801559635,8.67828,3.81461,1.4486469111114488,9.04944,5.28725,1.0449572005689107,9.41041,6.69546,1.1787159926814788,9.75622,8.16779,0.8828420036526268,10.00303,9.73331,0.2129058441848071
1740,7.6636,-2.15328,1.3122225541407075,7.05568,-0.66984,0.34669190783507314,7.23966,0.98462,0.2349502981153822,8.03325,2.36358,0.18977139455349593,8.80236,3.75247,0.5463491048877026,9.11434,5.28623,0.570008677643949,9.47962,6.68531,0.23106651586098675,9.91026,8.13654,1.006077456874427,10.08799,9.69833,1.5259489765916308
1760,7.74325,-2.15939,0.29092710119893445,7.06459,-0.68481,0.05969954715833858,7.23771,0.97268,0.16568659436913533,8.03481,2.35477,0.0748706521199397,8.84311,3.72514,0.9562524304003855,9.25602,5.27832,1.2835766371010238,9.5965,6.64742,1.5840043270500452,9.96971,8.12722,0.6265879845929397,10.21305,9.68277,0.4590504602832694
1780,7.92001,-2.16431,0.2911334800704607,7.0903,-0.72972,0.29390776791921464,7.21861,0.93877,0.33249692945992426,8.03286,2.35325,0.08012388167465338,9.01728,3.69201,0.44156671800914576,9.32959,5.27584,0.011260567319813232,9.70844,6.63218,0.1827598134900423,10.15723,8.07674,0.5710108379009498,10.36016,9.64112,1.4305116022939581
1800,7.92396,-2.1648,0.38136229601328225,7.09743,-0.73736,0.2345075082244755,7.21605,0.92698,0.49071141446469063,8.03546,2.35139,0.4832559728236522,9.05228,3.6772,0.9879120332144381,9.3732,5.22312,1.6938322068627343,9.74617,6.61084,1.084806641349721,10.18728,8.07125,0.20506675558919682,10.43421,9.63167,0.46227709465375716
1820,7.92141,-2.15336,0.32015942712565304,7.10974,-0.75035,0.5252815909778551,7.21234,0.91303,0.4367389472760548,8.03768,2.35236,0.22688719875869015,9.1524,3.64335,1.4676598926514484,9.4545,5.14707,0.7701439061611443,9.86181,6.58969,1.2355237267448704,10.25001,8.04335,1.386886045569724,10.46148,9.6255,0.6106086306794369
1840,7.90333,-2.14155,0.026712759576398955,7.11849,-0.78122,0.04543358582280863,7.18054,0.88481,0.23406872330919376,8.03312,2.3651,0.034679525429523156,9.26053,3.62325,0.5757502964527844,9.51229,5.12167,1.0537215713951618,9.95347,6.56957,0.8911712347956714,10.4103,8.02174,0.25978650114407015,10.65085,9.57578,0.5655574630575656
1860,7.90998,-2.15086,0.45436745420410074,7.12222,-0.78636,0.3115555416391462,7.17026,0.86334,0.20237103312234916,8.03339,2.36081,0.06323963427912511,9.36689,3.56932,1.5008982124989094,9.65433,5.11647,0.7207786583410557,10.08887,6.50559,1.0337445869442548,10.48891,7.98353,1.5065689547597716,10.68579,9.57048,0.14166363134605403
1880,7.92794,-2.17978,0.08004426155849721,7.14025,-0.81626,0.08368269301762289,7.1578,0.84338,0.17465440805541171,8.02807,2.35301,0.1277483724334059,9.4763,3.54939,0.03325951706485319,9.79663,5.01274,1.117837392487064,10.21533,6.45909,1.3539117502018552,10.64806,7.95256,0.08700792607491756,10.90365,9.51014,0.29022739957788474
1900,7.93623,-2.18501,0.37307668325387616,7.1461,-0.81765,0.19442513435673084,7.15632,0.83295,0.40530427082373977,8.02996,2.34606,0.23562609897226403,9.50045,3.48607,1.655632913958938,9.84462,4.97708,0.40230872311088217,10.32937,6.44736,0.8821086994867012,10.66398,7.94161,0.8261763136370087,10.91897,9.50775,0.103861015605289
1920,7.95018,-2.20927,0.1191034256130072,7.15315,-0.83511,0.11284472644200241,7.14846,0.80898,0.324363203365279,8.02573,2.33491,0.19251023302858283,9.59487,3.37396,0.46492774313475177,9.89797,4.92904,1.495398298459681,10.37747,6.4426,0.005089021529355586,10.82168,7.90126,0.9588832416973457,11.0052,9.4675,1.5473089995575664
1940,7.9482,-2.21317,0.03435253793515999,7.15277,-0.83836,0.03951259325706788,7.14091,0.81028,0.135000864696312,8.0204,2.33491,0.07087007522844412,9.63656,3.32744,1.4374621728363397,9.99573,4.85674,0.9000857335601679,10.42135,6.3926,1.4963005695229397,10.87132,7.89217,0.7507166975138293,11.10867,9.45392,0.6631829922817215
1960,7.95895,-2.22842,0.14227197571697578,7.15872,-0.84569,0.1914698705039707,7.14228,0.8045,0.07867772987660701,8.02151,2.33139,0.10502399410949606,9.70317,3.22627,0.8954784831464379,10.03544,4.82934,0.32510665210121786,10.52014,6.33889,0.8492723602299499,10.97121,7.84841,1.5936600715134275,11.15765,9.43633,1.1290957562788584
1980,7.96202,-2.2359,0.059773360316112925,7.1613,-0.85052,0.043370016910473784,7.14071,0.8031,0.12179501668923248,8.0199,2.32903,0.09605558996317702,9.74239,3.16854,1.0865533751277983,10.13287,4.74841,1.5162525065005619,10.59182,6.30032,1.3661773393571945,11.06446,7.82598,0.41826547107815654,11.2966,9.40035,1.0085142974316081
2000,7.96728,-2.24491,0.20522918175512445,7.16311,-0.85366,0.11935691802011993,7.13932,0.798,0.17191537933426232,8.01892,2.32615,0.1470158084695655,9.80953,3.06725,1.1676381116989238,10.2008,4.70618,0.5302122188422099,10.70079,6.26638,0.8866420162629021,11.14312,7.77925,1.6648592217759095,11.34895,9.38866,0.8065732041943072
2020,7.97149,-2.25263,0.032509869168353994,7.16414,-0.85748,0.03286686460626758,7.13675,0.80031,0.032982808109083224,8.01979,2.3322,0.0375346248167293,9.84161,3.00546,0.4377058857237383,10.37427,4.58586,0.5888248486749855,10.84934,6.16787,1.196203199278169,11.27982,7.72916,0.1670046123022531,11.54581,9.32173,0.36704945218794294
2040,7.97402,-2.25638,0.08259251387758984,7.16576,-0.85777,0.1276691080968113,7.13681,0.79531,0.2795072003298295,8.02189,2.33288,0.1875502683203456,9.82268,2.94621,1.1946216432393866,10.40136,4.56975,0.21197708710851873,10.90226,6.13262,0.4265298097211487,11.3152,7.70023,1.3138230436858807,11.56485,9.31703,0.13141149846042566
2060,7.9767,-2.2626,0.009943316286811587,7.16521,-0.85851,0.050783720535864475,7.13899,0.80444,0.11935763712786476,8.02901,2.34903,0.038754274341558134,9.81399,2.89115,0.03032737314884275,10.62072,4.48957,0.28179483779503123,11.11848,6.03471,0.44110574918568,11.50677,7.62566,0.04510895757759384,11.7893,9.22636,0.09833116941731966
2080,7.9803,-2.2634,0.27688125090998383,7.16929,-0.85869,0.3452013911971889,7.14503,0.80549,0.5402237481377683,8.03385,2.3512,0.4164660941066179,9.856,2.91722,1.068913198284175,10.63556,4.48703,0.10143766924293592,11.14131,6.02883,0.1576194176969155,11.51994,7.61413,0.8243213849515619,11.79439,9.22508,0.03509362027224658
2100,7.97645,-2.26544,0.13844482326385554,7.16193,-0.85615,0.12590564422778613,7.14405,0.8152,0.18265951539363226,8.03517,2.36243,0.41964339537958745,9.96694,2.92916,1.0998556932541004,10.64336,4.48385,0.4439228658267312,11.14941,6.0266,0.0563330023026065,11.61277,7.55885,1.5555408335572363,11.82101,9.1945,1.3161192105831463
2120,7.98291,-2.26682,0.014929424892098784,7.16832,-0.85494,0.0253087924160717,7.15398,0.81793,0.16327604585902364,8.06262,2.39572,0.2665079438044535,9.97199,2.91227,1.3229917822027413,10.8664,4.39738,0.07893820137369494,11.37362,5.93584,0.09785583462527178,11.73696,7.52074,0.42888394461763063,12.01431,9.1123,0.045293292896039304
2140,7.97966,-2.26655,0.19825034233394137,7.16277,-0.85135,0.1689875856069949,7.14422,0.81387,0.19242487083754178,8.05846,2.40051,0.2732065570989948,9.87962,2.88465,0.6875506452364758,10.87027,4.39604,0.026427006947759613,11.37865,5.93446,0.0349937601420321,11.80713,7.46669,1.5283420977561175,12.02702,9.09816,0.9082755026892197
2160,7.97907,-2.26663,0.13755218186571538,7.15977,-0.84826,0.17471785642164323,7.14058,0.80761,0.3043875671389211,8.07955,2.43669,0.19212857468378625,9.86125,2.91263,1.0041623934242934,11.09385,4.30356,0.08982446049311917,11.60061,5.83591,0.09427616059177192,11.95955,7.41936,0.020025880672624286,12.24509,9.02155,0.045055723537445164
2180,7.98234,-2.26454,0.13297276697969118,7.16363,-0.84493,0.1415066691298075,7.14008,0.7978,0.14256773366733014,8.08217,2.43316,0.17938700712014172,9.95815,2.9567,1.5525177956551235,11.09885,4.30306,0.03741430489710378,11.60543,5.83451,0.033638901901627036,12.00587,7.37931,1.3041375940993167,12.24987,9.01831,0.4555225251793693
2200,7.97598,-2.26276,0.011390550445160307,7.15516,-0.8396,0.07096383939583487,7.13471,0.79838,0.010865365757303262,8.09583,2.45748,0.3762442898133996,10.10177,3.00554,1.2767900260020815,11.19972,4.24513,1.6378957322232175,11.67302,5.78383,1.4481708887982583,12.15544,7.33597,0.44858709469968433,12.39491,8.93146,0.9689365139169074
2220,7.97345,-2.26,0.05892476285755406,7.15245,-0.8372,0.1381314144592881,7.16032,0.84262,0.7477188390381446,8.0994,2.47496,0.18504740106971518,10.199,3.02725,0.7781257695110404,11.28926,4.22291,0.541265836711429,11.77903,5.75698,0.7640492849329408,12.20946,7.3038,1.4864378596973307,12.44305,8.9158,0.33868611955762085
2240,7.97663,-2.25538,0.04510784134533256,7.15392,-0.82704,0.04431118107248101,7.19003,0.89133,0.05165033794836911,8.11682,2.49512,0.03203658699534333,10.22877,3.0327,0.04083511172757516,11.53276,4.12659,0.06997824930096835,12.0358,5.65847,0.09523987472723326,12.3888,7.2292,0.019988814627697173,12.67331,8.82794,0.04473134358035618
2260,7.97206,-2.25482,0.12307917406793387,7.14997,-0.82696,0.008144939725268958,7.19773,0.91584,0.8739881562851337,8.11167,2.49539,0.03306855339643757,10.15278,2.98756,1.856341667018118,11.53622,4.12534,0.02268614310448629,12.04065,5.65698,0.03381853381006991,12.40043,7.21809,0.8009501243536566,12.67562,8.82733,0.01600711489367138
2280,7.96735,-2.24254,0.22583525972754614,7.14807,-0.82003,0.1317679030548645,7.22811,0.96336,0.3276558770456413,8.11613,2.4985,0.1577990655181335,10.04309,2.94683,0.8776109227448899,11.53923,4.12234,0.387821401006748,12.04235,5.65633,0.01243910646167405,12.49275,7.17191,1.612537788272702,12.70106,8.79729,1.3161477548343217
2300,7.95999,-2.22969,0.08555349489501245,7.14272,-0.81459,0.12391385785574295,7.25498,0.99886,0.5660743087735448,8.11795,2.49648,0.18174264310854277,10.02218,2.97078,0.9943874579949463,11.7479,4.01676,0.1452314448568576,12.25765,5.55921,0.1675063976444756,12.62387,7.14172,0.4453636414425568,12.89251,8.71505,0.07642992176493241
2320,7.96502,-2.22858,0.16941212573053838,7.14555,-0.80659,0.3736225317503321,7.2852,1.04615,0.4754546114580401,8.12499,2.50045,0.22267085883532062,10.02829,3.09079,1.3938388142756237,11.75512,4.0143,0.04571128806980124,12.26621,5.55666,0.05975993581241,12.69615,7.08311,1.5910204764078677,12.90693,8.70046,0.9174412930856767
2340,7.96171,-2.22764,0.10251295390003276,7.13191,-0.79044,0.10155621826633238,7.29965,1.07671,0.45283574304811225,8.13155,2.51353,0.225947559917758,10.0397,3.16263,0.8088933407550759,11.94647,3.88975,0.24264710163889344,12.46972,5.45527,0.28919416928588326,12.83653,7.02874,0.060470218199192634,13.12079,8.63728,0.14018186715242595
2360,7.95533,-2.21716,0.19515292264866071,7.1339,-0.78631,0.060609553503948775,7.31412,1.11422,0.6312515206267386,8.13497,2.524,0.05041237636704493,10.13235,3.10945,1.692101178458885,11.95852,3.88455,0.09116347607164195,12.4844,5.45051,0.10314450038593052,12.8863,6.99004,1.3080357733102552,13.13067,8.63323,0.4884630852387541
2380,7.94245,-2.20684,0.11438602203322534,7.10983,-0.76073,0.10169007656040885,7.32473,1.14042,0.06531167024936757,8.13944,2.54818,0.008213312900506088,10.21923,3.08653,0.42776175749789647,12.14975,3.74325,0.14896549504831544,12.68837,5.32712,0.18125813314690925,13.06861,6.94529,0.041499634334801506,13.34265,8.52381,0.08534744801587882
2400,7.94528,-2.20086,0.24083685957727524,7.1132,-0.75183,0.23283590709987118,7.34763,1.16448,0.1759530125608707,8.14673,2.5485,0.06620404884358506,10.105,3.01263,1.4711020453072736,12.15702,3.7384,0.03300848868346116,12.69846,5.32258,0.047382259758921,13.09347,6.91743,1.228922709639853,13.3476,8.52212,0.022569919724667785
2420,7.93037,-2.17892,0.034801961573091886,7.07799,-0.69526,0.07347721462675935,7.35314,1.1773,0.06595220848694144,8.15456,2.56549,0.024449545919930423,10.00172,2.97196,0.019208000018984418,11.95873,3.57685,0.26452654425732036,12.89337,5.2041,0.3115806016383901,13.27791,6.80833,0.0070558526769831514,13.58107,8.43567,0.014705195949516189
2440,7.91866,-2.16401,0.16825282650272202,7.07186,-0.69358,0.008967659257834352,7.3557,1.18807,0.0455253720947463,8.15227,2.56585,0.05561050238877565,10.01562,3.14398,1.062029381896453,11.97531,3.56635,0.03291163460487068,12.91464,5.19592,0.038440105405244576,13.36769,6.7504,1.624879693115248,13.58211,8.4353,0.0036527477640877206
2460,7.91401,-2.15549,0.0776982297530438,7.06327,-0.67792,0.16373386814836693,7.35465,1.19046,0.09527813212975007,8.1575,2.57727,0.05646651159619856,10.01699,3.21753,0.016510211684565353,11.9533,3.5915,1.2297491042592974,12.91782,5.19504,0.010000287224202877,13.50674,6.71479,0.034674439948268916,13.78987,8.32476,0.1829683878241863
2480,7.91272,-2.15407,0.03296582558558259,7.05869,-0.67156,0.10921555222186119,7.35564,1.18773,0.04467630785799349,8.15819,2.57794,0.05237567223762815,10.0426,3.19952,0.9030814763270458,11.86247,3.77802,0.11386960021172567,13.07621,5.02948,0.2392967929844253,13.51171,6.7109,0.42256376605219303,13.8038,8.32027,0.006822582236236259
2500,7.90438,-2.12948,0.03287350221580037,7.0426,-0.62583,0.035775918072358456,7.3609,1.18243,0.05710873100217382,8.18152,2.6041,0.027861785860089496,10.25379,3.17202,0.07311732273711127,11.85997,3.78395,0.003524805631735294,13.09015,5.01533,0.004857849534346534,13.72036,6.59775,0.11225691580637873,14.0073,8.21111,0.23937889488673425
2520,7.90289,-2.12871,0.004139330215206195,7.03964,-0.62171,0.05851226041937364,7.35552,1.17879,0.3880019371072115,8.18868,2.61634,0.10642143413504292,10.15461,3.15377,1.7267071364634095,12.10348,3.74789,0.030264591103078917,13.26538,4.84249,0.03945904829294775,13.72906,6.59404,0.0008057332230856851,14.02614,8.20504,0.0009856380335320368
2540,7.89793,-2.11891,0.18249501349797745,7.0359,-0.61946,0.23419023810971645,7.35148,1.16633,0.3680328811653727,8.18661,2.61286,0.21140809164245303,10.06027,3.14888,0.61572032353335,12.10479,3.74783,0.006960666616464492,13.2666,4.84077,0.015921114560808955,13.77177,6.54405,1.4992211392534858,14.02848,8.20204,0.44938114346979763
2560,7.88694,-2.10388,0.028987325407176055,7.0157,-0.58734,0.05600588051271625,7.29283,1.06131,0.056536463092597744,8.20725,2.64615,0.12660449747523653,10.02782,3.15373,0.5749878020315841,12.09415,3.98911,0.08712461298102406,13.4491,4.67686,0.06951071565754693,13.93746,6.4565,0.001542908673201932,14.24808,8.08978,0.003389138895698824
2580,7.88586,-2.09785,0.24025727018026344,7.0155,-0.5828,0.1465001995805273,7.28644,1.04815,0.16009577800334168,8.21131,2.65185,0.13434004833313495,10.13279,3.16892,1.6868394532639401,12.09433,3.99371,0.03370734330879883,13.45181,4.67424,0.025913660684515713,13.9627,6.43469,1.1279947156800358,14.24825,8.08971,0.001763560923366616
2600,7.87352,-2.07881,0.014426674829146986,7.00046,-0.55985,0.030049377962768995,7.27932,1.03629,0.07230132469321682,8.24519,2.70558,0.09191585273061248,10.25575,3.17572,0.024808726575010962,11.98432,3.81708,0.4911694589448182,13.59743,4.55378,0.7546198022914842,14.14353,6.3165,0.006405339936941111,14.46936,7.97455,0.012876658465592846
2620,7.87166,-2.07729,0.16903695718702458,7.00247,-0.5603,0.0810399938206274,7.29368,1.07244,1.236151496125798,8.23811,2.70145,0.045730921471749765,10.25693,3.35017,0.905895608094344,11.97037,3.78334,0.049577437135387745,13.64347,4.52199,0.0770291138415466,14.15476,6.30615,0.7761459751914663,14.47027,7.97426,0.0013982837925380323
2640,7.85502,-2.05497,0.03272241137900503,6.98684,-0.54753,0.12710438727601822,7.32448,1.13561,0.0744994623357524,8.23285,2.70433,0.10993431274537196,10.25629,3.42381,0.019276304649575582,11.97266,3.7841,0.36516698552644894,13.64902,4.51822,0.001981593440488576,14.33397,6.16496,0.07670195296991464,14.6781,7.86279,0.1792083947164601
2660,7.85617,-2.05443,0.0778463965113487,6.98909,-0.54434,0.13356860391894723,7.33457,1.15057,0.7689903398551402,8.23779,2.70601,0.15268780589819816,10.23981,3.44783,0.77414335959446,12.03782,3.79823,1.3596064116814184,13.68263,4.4718,1.4436436508363732,14.33979,6.16078,0.39458761899189704,14.68725,7.86,0.06397751600622333
2680,7.8484,-2.04335,0.16241498916741004,6.98098,-0.53318,0.23319442153983755,7.36365,1.19996,0.37647902942417505,8.24004,2.71792,0.4432775361664075,10.22698,3.54247,1.5364470467581897,12.14897,3.80323,0.8223070346358956,13.77291,4.40116,0.9685906451247119,14.41239,6.11059,1.7647325501389202,14.7008,7.84432,0.9701469963809131
2700,7.85029,-2.03673,0.13627940055284027,6.98366,-0.52384,0.2653427268359944,7.37895,1.21975,0.529388715276905,8.25746,2.73755,0.1797300324546587,10.21075,3.64001,1.3933981913516584,12.25037,3.81088,1.5914249592305951,13.85167,4.34526,1.8226586810405818,14.4908,6.04612,0.6746392298691527,14.78954,7.77867,1.5455790122971378
2720,7.84507,-2.02424,0.1531980043248516,6.98681,-0.52328,0.08667970822645701,7.40323,1.25962,0.3518783707553326,8.26477,2.74404,0.11256498993310331,10.18476,3.75594,0.9813946572842839,12.3435,3.81394,0.6269726876505417,13.93949,4.27928,0.737993331183364,14.57854,5.97929,1.689910725378476,14.87181,7.75204,1.115645313850654
2740,7.83925,-2.01224,0.002570806635336876,6.99386,-0.53965,0.11128801218616449,7.41849,1.28412,0.0034974403331728982,8.49798,2.88154,0.09878829041560794,10.17215,3.83906,0.2474908885161044,12.14834,3.80198,1.106982880332143,14.0085,4.24993,0.7434260211013323,14.6954,5.90317,0.0033858804763648455,15.07737,7.64475,0.006473437459147152
2760,7.83762,-2.00844,0.1711569570684385,6.99598,-0.54143,0.07015606887025608,7.43677,1.31829,0.4650243058169604,8.50339,2.88005,0.05474882763800978,10.17192,3.8977,1.1920559399272328,12.10384,3.80057,0.03702659326298643,14.10062,4.25527,1.4579864235165672,14.71915,5.87944,1.1378190400081443,15.07773,7.64476,0.0025447713251667576
2780,7.81931,-1.98828,0.36807515521681927,6.9442,-0.4688,0.3105988458202021,7.45555,1.35235,0.2890530889761066,8.74842,2.88375,0.17149272153843537,10.17632,4.08519,0.05208472786638524,12.35105,3.78939,0.02535008175434313,14.16892,4.23002,1.3745081112773236,14.89916,5.75834,0.0017480303289362908,15.28878,7.51064,0.00041301778672618984
2800,7.8171,-1.98628,0.21597616271760625,6.93954,-0.46087,0.20422843004600125,7.46254,1.37718,0.810666707576855,8.74867,2.88558,0.08643544393475236,10.23544,4.11663,1.1761388620363982,12.35205,3.78919,0.007714861910203631,14.05472,4.21512,0.8767373082951341,14.90918,5.74758,0.7784031592661321,15.28881,7.5107,5.5921701522730466e-05
2820,7.8005,-1.96401,0.04304929822432293,6.86894,-0.34672,0.2805209888658219,7.49913,1.42595,0.08874016645210933,8.99131,2.88334,0.09899028590298985,10.2911,4.30616,0.0030727051622150706,12.34434,4.03329,0.07272380303727997,13.98953,4.20881,0.05516945545879956,15.10611,5.61868,0.0030889095687994003,15.48126,7.35177,0.005309022391459001
2840,7.79793,-1.96287,0.02486546520972055,6.84747,-0.3105,0.12668172781385428,7.5423,1.50674,0.7759075331285561,8.99277,2.88445,0.13221213405646692,10.43385,4.19726,0.9800411801693728,12.34572,4.03933,0.010617160275536879,14.22424,4.26066,0.10950779226257949,15.1508,5.5762,1.5344857302426507,15.48159,7.35129,0.0008577758082690635
2860,7.77389,-1.90489,0.7452610630384848,6.83777,-0.28001,0.5981336771767125,7.56832,1.54902,0.18089984444385399,8.99532,2.88776,0.26387209109411286,10.48109,4.16108,0.1345780632046056,12.34662,4.03926,0.0029967999103752284,14.23183,4.2612,0.018141901955507713,15.28773,5.50131,0.40963248241915345,15.51905,7.31098,1.530765797685081
2880,7.73345,-1.84386,0.2853411969269074,6.81276,-0.2377,0.21870987343541,7.57857,1.55753,0.5549092213056882,9.07777,2.88435,1.1564636844850904,10.49488,4.14461,0.8793236140484135,12.37072,4.12514,1.5632258320054757,14.27581,4.30203,1.0895371572303214,15.31073,5.48971,0.10460553416767135,15.62243,7.21154,0.6194365221569833
2900,7.72125,-1.81483,0.6764869289910519,6.80535,-0.22143,0.25416130216992405,7.61987,1.63197,0.5507017134833596,9.174,2.88548,0.4814900333811272,10.58566,4.02753,1.040069305420777,12.37919,4.24567,0.49954240509990805,14.398,4.33294,0.8228471442097858,15.39318,5.42382,1.7169796603593557,15.65219,7.18255,0.6341284570474744
2920,7.67667,-1.74671,0.13995344774927101,6.74986,-0.13425,0.2316122512957157,7.64907,1.68189,0.2543375022359226,9.37005,2.88255,0.1531362116263925,10.6374,3.96072,0.4560357476236941,12.47596,4.46912,0.18160661112647067,14.43372,4.45479,1.6321072323470325,15.52362,5.36267,0.024907761067005128,15.84416,7.04442,0.06725497932274037
2940,7.67023,-1.73649,0.3269486965310883,6.74691,-0.13002,0.12374995113572494,7.69391,1.76233,0.2357502930458591,9.37949,2.88387,0.05112624361605395,10.81996,3.93357,0.956719914253731,12.47957,4.4818,0.032865182851860957,14.43277,4.56944,0.24234146172040086,15.56448,5.34545,1.0738131430132192,15.84828,7.0421,0.011089487219794372
2960,7.61709,-1.64504,0.05450636659182665,6.71905,0.01721,0.13973011780448522,7.73682,1.83562,0.21258462394146774,9.56653,2.88067,0.1318609932096769,10.8816,3.92853,0.006176144100474617,12.71359,4.43556,0.1281815245408807,14.4326,4.58563,0.39300324338497306,15.77118,5.32988,0.008805456249860375,16.05085,6.89733,0.012183874693961887
2980,7.61892,-1.64453,0.02968842370035314,6.7198,0.01888,0.006067191065983165,7.75465,1.86873,0.9618131862993746,9.56601,2.88158,0.16242523842022538,10.93631,3.92984,1.33706943624037,12.72072,4.43479,0.051525581468521556,14.48897,4.51493,1.519449603766711,15.78167,5.31994,0.6572884950461535,16.05141,6.89702,0.0048888128481877555
3000,7.54376,-1.52178,0.16725070501049313,6.79344,0.19632,0.5017853332643493,7.80833,1.95674,0.4743716338082763,9.72484,2.87931,0.14713741346601225,11.12941,3.9299,0.0221749449536915,12.72853,4.56125,1.4194896106502481,14.55161,4.37507,0.008074782193766,16.01414,5.28905,0.043849849870449924,16.25636,6.76415,0.07050433315256426
3020,7.54072,-1.51496,0.059138521339487146,6.81796,0.24503,0.1919568969991987,7.86191,2.04948,0.322517640343201,9.73589,2.88155,0.10723033529453932,11.2621,3.86676,1.288340898024219,12.73037,4.67478,0.11185540112648369,14.74264,4.37191,0.6709879313427425,16.03743,5.2704,1.0834085980724162,16.26113,6.76142,0.0036745023747082653
3040,7.43823,-1.33313,0.014307169485846531,6.88407,0.35865,0.08960852890923993,7.87029,2.07235,0.2605114889080411,9.55073,2.88377,0.4698593994032874,11.36292,3.84421,0.0026852834999223554,12.73847,4.68254,0.03193066657035501,14.79822,4.37178,0.002835825680574922,16.22796,5.15691,0.007305469455028632,16.48329,6.65176,0.029111862384822367
3060,7.43516,-1.32947,0.14673353238704137,6.88788,0.3715,0.14546051363692122,7.88658,2.10607,0.4512511232893519,9.51184,2.8854,0.20179149459642678,11.35893,3.89326,1.0535266562895274,12.97118,4.61308,0.0014568321779563549,14.55996,4.38276,0.12560078100997227,16.22744,5.15651,0.014010474131885319,16.48561,6.65103,0.0011109823834222084
3080,7.39939,-1.26141,0.03962122780828565,6.93692,0.45717,0.0362814029206296,7.90435,2.13272,0.026138020593564328,9.52306,2.89694,0.039539604942655945,11.35807,4.09141,0.008384563633182565,12.97137,4.61312,0.0009182046867666513,14.5495,4.38299,0.002746762103522407,16.34805,4.93975,0.0032057486424388305,16.70268,6.54281,0.09154378885978257
3100,7.39262,-1.25754,0.02674438334961671,6.97798,0.52387,0.1691440537546525,7.94694,2.20869,0.14889045019238586,9.73924,2.99209,0.0033859106328478594,11.3608,4.08871,0.4121851032137798,13.17331,4.46604,0.0059348742080532636,14.78151,4.37262,0.20559360515997382,16.34972,4.93842,0.00048193727239270284,16.70996,6.54056,0.0005410888245355032
3120,7.38983,-1.25029,0.23296657539422927,6.98518,0.54402,0.24958807450003068,7.97335,2.25838,0.013657827160808872,9.74035,2.99232,0.005923430644387715,11.51797,3.92174,0.21752362005438428,13.17408,4.46606,0.0010201036363514059,14.7984,4.37245,0.013711654880493772,16.46993,4.90925,1.5249999313899198,16.70993,6.54045,0.0010048389958013956
3140,7.37823,-1.21413,0.501668766491791,7.00075,0.56206,0.049485379950939795,7.98409,2.25846,0.12328458711700946,9.76912,3.01348,0.9636683866639294,11.52672,3.9139,0.05909803443761596,13.1855,4.45571,0.8122071298404573,14.80261,4.37139,0.3491992905800724,16.55913,4.90181,0.43816827703438466,16.77716,6.47922,1.6465191982655172
3160,7.30787,-1.1062,0.4889597706377828,7.00008,0.57029,0.38134267745410183,8.00682,2.31045,0.25439539153810026,9.97868,3.04559,0.0405940673825086,11.69,3.733,0.05289302647908908,13.37823,4.32806,0.046216073691212924,15.04315,4.36484,0.0639036735293494,16.5252,4.77046,1.3934441941268236,16.91958,6.40768,0.023327570840331446
3180,7.29427,-1.0785,0.16570051317381143,7.06438,0.66777,0.3320417319576179,8.03267,2.34379,0.39317857124225397,9.97599,3.05478,0.5329825754006715,11.69421,3.72899,0.004061238548513271,13.38431,4.32416,0.4234936978107311,15.0483,4.36492,0.004870892372293596,16.50942,4.66556,0.07277579017513887,17.09115,6.28484,0.47782518892862885
3200,7.29197,-1.07767,0.05765145454228565,7.06763,0.67782,0.09031121876352766,8.03985,2.36118,0.3876513028098331,9.97486,3.13713,1.481369107978808,11.71727,3.70419,1.1476762004454384,13.45845,4.25908,1.7763907869066384,15.08644,4.38213,0.9620599590394351,16.50668,4.65989,0.3787859642479211,17.11317,6.27189,0.1700288579426508
3220,7.29015,-1.06595,0.24775016496716026,7.08253,0.71316,0.9973396661713586,8.05051,2.3806,0.17991425029423513,9.97157,3.2409,1.1878959781141858,11.80457,3.61683,1.1068494841054892,13.537,4.20441,0.6316512592704813,15.19578,4.39107,1.2145579428127407,16.48619,4.59989,1.2328628414839644,17.13234,6.25536,0.9319602580107482
3240,7.27736,-1.04246,0.46756022378147294,7.10742,0.75101,0.278705182054213,8.05655,2.38972,0.46131851774663407,9.95735,3.36416,1.2725965813773992,11.86184,3.56209,1.422438245149128,13.61902,4.12969,1.6950601362619724,15.29531,4.40347,1.5784134963125536,16.47856,4.48989,0.8954524262463649,17.22363,6.17728,1.3462261867948846
3260,7.21224,-0.92322,0.09308243758630039,7.11966,0.77068,0.07858571752891719,8.08976,2.439,0.110817616080122,9.951,3.45441,0.015769574738032328,12.01217,3.42179,0.006628760238231295,13.72217,4.03708,0.0036397848618112184,15.46617,4.41604,0.0031744696738772588,16.48116,4.24147,0.01024299916548734,17.35616,5.89158,0.03769074974223292
3280,7.19937,-0.91797,0.10264436724724642,7.11396,0.77076,0.009581469270976762,8.07855,2.44003,0.019364456762543458,10.03811,3.22405,0.012903127642753707,12.14573,3.30015,0.8323497764977187,13.95645,3.9759,0.08509527143804825,15.46768,4.6003,0.8402397927987272,16.48103,4.2405,0.0011212056592008323,17.35789,5.89382,0.0035317567681100634
3300,7.18204,-0.88823,0.18589500816760166,7.12046,0.78748,0.4991200394717592,8.10126,2.67862,0.09030015598930036,10.04031,3.22456,0.0005237216310228954,12.19873,3.25753,0.009689946231710512,13.96373,3.97521,0.0011516766522456008,15.46774,4.66537,0.008496020193521785,16.31954,4.24179,1.0573235547326127,17.35784,5.89356,0.00444999550933092
3320,7.17412,-0.87301,0.13647140769099644,7.22853,0.96435,0.24523443249716978,8.10298,2.68777,0.004899039016380333,10.16816,3.03527,0.25834754163083734,12.19813,3.25717,0.0011018723785085815,14.08437,3.84737,0.8892703187797464,15.4799,4.79661,1.4682861616650775,16.23368,4.24117,0.028551123713469705,17.42831,5.65991,0.0778015549821576
3340,7.17491,-0.87283,0.2793861870686638,7.21137,0.93716,0.14637660102933694,8.20673,2.65403,0.27362054988288725,10.17772,3.01585,0.0005885106972868428,12.13409,3.01922,0.01957932158911769,14.14118,3.80117,0.0024729078989161315,15.48235,4.91484,0.002251147484268894,16.2366,4.30005,1.3796097888242453,17.43126,5.65386,0.0038579401556952035
3360,7.15121,-0.82349,0.6321498302050319,7.28195,1.05023,0.4324066381860293,8.20416,2.63652,0.05660046387123543,10.19829,2.98928,1.1376547876617815,12.13415,3.01784,0.004092663388258785,14.1403,3.79727,0.40794052443016193,15.48259,4.91506,0.0008554160315943682,16.23862,4.47015,0.2532595813824789,17.47358,5.60688,1.5921716244855075
3380,7.10605,-0.74923,0.12874271439270843,7.2993,1.08033,0.1572044988554704,8.19296,2.61939,0.14531392387331898,10.32027,2.88524,0.10316222339078333,12.35326,3.10643,0.16256104486322917,14.2738,3.59229,0.02034748560297438,15.50746,5.16079,0.018882148292488316,16.2424,4.4889,0.37641949440444783,17.61285,5.48287,0.0050483704128544485
3400,7.04439,-0.63903,0.6076824731984546,7.363,1.18784,0.1832951470096992,8.20211,2.62807,0.22806502653084157,10.4207,2.88353,0.4113549758383517,12.36504,3.11271,0.009997301977955836,14.2745,3.59462,0.007408989229615085,15.50726,5.16216,0.0010570241255583532,16.47169,4.46991,0.1982299607238782,17.78765,5.36576,0.48141617803398473
3420,7.01658,-0.59472,0.17000868376951256,7.3654,1.19758,0.2815460309400669,8.20762,2.64902,0.4976024095913393,10.45405,2.88489,0.11778455451482557,12.40511,3.12792,1.242423068307426,14.47219,3.73692,0.024060884257775614,15.5119,5.07467,1.5442395594457037,16.48793,4.4692,0.0021007206099844284,17.82389,5.34898,0.0020962271204273838
3440,6.96197,-0.49393,0.22017301039238635,7.41662,1.28529,0.2324216659940066,8.2244,2.67079,0.2862073597720343,10.45263,2.88924,0.008732122366421713,12.60642,3.1436,0.08642369335790939,14.47602,3.73836,0.004546551262689422,15.51361,4.91784,0.0659205716601146,16.7123,4.49504,0.28727401575737577,18.00713,5.26186,0.5712288091062995
3460,6.94905,-0.47652,0.06110975488238252,7.42681,1.29443,0.007174663502903305,8.23366,2.67403,0.026197355284639925,10.23442,2.88226,0.03339666065379487,12.57881,3.14489,0.41541302618445425,14.46955,3.52309,0.4187873896673398,15.53614,4.71459,0.6122969596505508,16.73617,4.49618,0.0013085440626524095,18.05269,5.2485,0.002474050999436249
3480,6.94178,-0.46784,0.4707956028310542,7.43061,1.29807,0.4413334322256077,8.24354,2.68394,0.2790566755247312,10.23355,2.8792,0.03626791906136666,12.55693,3.20329,1.2049527162273463,14.46944,3.50072,0.1487590047648116,15.53743,4.6819,0.21427438279670724,16.75989,4.51722,0.9752954568786484,18.05283,5.24846,0.002505714528663487
3500,6.89394,-0.38209,0.13053173748779043,7.46181,1.37104,0.14751497301729935,8.23918,2.70884,0.12290407262212882,10.47851,2.88714,0.05353875226799313,12.5884,3.39184,0.014519353466564109,14.55442,3.40697,1.4958714019183048,15.53911,4.65995,0.43335450505839007,16.9763,4.56414,0.006662085295512442,18.28127,5.1481,0.00593827912260109
3520,6.89814,-0.37905,0.09094149635834231,7.46881,1.3712,0.04926859360559542,8.25029,2.70903,0.11009079604673805,10.48125,2.88569,0.017283035849319135,12.56076,3.42706,0.9191182233181487,14.63198,3.37066,0.5701080303418172,15.60167,4.5847,1.6997382698155088,16.98748,4.57481,0.8051927514048238,18.28155,5.14799,0.0023479028527014292
3540,6.8475,-0.28295,0.4780892417461527,7.49934,1.42807,0.17059010165731353,8.2539,2.71857,0.48639473378948384,10.47912,3.12728,0.10509857782035364,12.53857,3.63529,0.006372496697381192,14.65375,3.35582,0.6168768679955098,15.72473,4.49704,0.00494271487574993,17.21651,4.6315,0.0059878744506039385,18.51854,5.07213,0.013315999055542399
3560,6.84628,-0.28346,0.10392033886635361,7.50213,1.4279,0.13632150418644606,8.25327,2.71509,0.1901409816286811,10.47879,3.133,0.0368178061865701,12.52758,3.65589,0.7075496024039192,14.54304,3.37747,1.7016852776102245,15.77179,4.45526,1.5728821265441741,17.21931,4.63368,0.3993944405266932,18.51923,5.07196,0.0051702213632414395
3580,6.79686,-0.19403,0.07690376921209026,7.52614,1.46819,0.08581018349244812,8.2539,2.71595,0.09616654041638852,10.28989,3.04472,0.45494020672669705,12.51218,3.8813,0.013275745113968274,14.41791,3.39223,0.013690832676129795,15.92898,4.35386,0.005228022000195112,17.44697,4.72469,0.021855088979166548,18.75488,4.99547,0.028906537120051243
3600,6.79255,-0.19341,0.30567514426517284,7.52469,1.46797,0.2276256419073856,8.24861,2.71308,0.3264654709419433,10.25969,3.03461,0.0632195542002586,12.4865,3.88313,1.0610118012277991,14.48879,3.54786,1.1437607525509694,16.03415,4.24631,1.1963113029602341,17.44796,4.72504,0.0025680780558750933,18.75689,4.99506,0.004223659311702606
3620,6.7497,-0.11151,0.05898272262110058,7.53802,1.49268,0.0429454981059454,8.25457,2.71928,0.1445270962895579,10.26588,3.04005,0.03456479182572665,12.34957,4.06529,0.04778251060591556,14.50996,3.62201,0.005977386374060112,16.108,4.18035,0.010031597612166416,17.68433,4.78536,0.0646537893679771,18.98389,4.91691,0.12260139865990007
3640,6.74501,-0.10696,0.0062860631703510915,7.53858,1.49306,0.015533888121976359,8.26811,2.74304,0.10997142205739947,10.49738,3.0864,0.01727937805004153,12.35783,4.05892,0.5420329138186689,14.53491,3.86835,0.030109354823788168,16.32769,4.07933,0.09200092997420412,17.69024,4.78656,0.001159710113900241,18.99381,4.91483,0.0006368462084883646
3660,6.74503,-0.09897,0.4351652761472164,7.54143,1.49584,0.2548306113885834,8.27184,2.74863,0.25667924119352703,10.49851,3.08633,0.005415568037995929,12.45132,3.9101,1.0412044921457475,14.53577,3.87016,0.0069825220970565075,16.33378,4.07772,0.019926080796979988,17.71354,4.77147,0.8266860978499093,18.99383,4.91462,0.0007941942549175721
3680,6.72655,-0.04729,0.209282436809908,7.54661,1.5074,0.2605870197402887,8.28189,2.76766,0.38159877505000045,10.49239,3.31472,0.2533801778132932,12.48236,3.85671,0.0030588896028738094,14.55526,4.08893,0.3615771615659012,16.33685,4.08092,0.3524137095493712,17.93606,4.7525,0.1048852149030428,19.22731,4.8326,0.02948286130741566
3700,6.72773,-0.04485,0.28114741236344704,7.54929,1.5075,0.0784884341699804,8.3413,2.82507,0.9523596926166906,10.49259,3.33234,0.04403875727410134,12.58211,3.73389,1.0976698238093994,14.5565,4.11397,0.059977618163335654,16.33933,4.25081,1.0798670192999198,17.94529,4.74262,0.7368003497200577,19.22933,4.83179,0.020185068831591244
3720,6.7197,-0.00087,0.027212413599340728,7.55229,1.5161,0.0060764742019262215,8.53174,2.87245,0.033837875728638694,10.50974,3.32248,0.9391617018952575,12.62925,3.65907,0.03341369558848716,14.55891,4.12092,0.3318942735408976,16.3399,4.3253,0.02289411181097905,18.14039,4.63098,0.14053288361286315,19.44283,4.75325,0.27115776792142415
3740,6.7143,0.00083,0.2709408255844521,7.54821,1.51672,0.24704781838658546,8.75827,2.91762,0.9747672327331693,10.71395,3.26508,0.2328317765226686,12.74162,3.48678,0.5314877876664701,14.5795,4.33229,0.41012257877020775,16.37806,4.53618,0.4284872268036886,18.14663,4.63147,0.3875484763570413,19.46367,4.74859,0.01582331108280495
3760,6.72303,0.04316,0.008021269736999877,7.55944,1.53043,0.00407976523547259,8.78097,2.92378,0.002723650595847511,10.95678,3.25594,0.16640635979805193,12.76432,3.44833,0.006233394996537566,14.57592,4.35543,0.016079254608093726,16.38167,4.57165,0.00462068552791722,18.32039,4.80241,0.040325163985569665,19.69181,4.66515,0.08872004748657977
3780,6.72442,0.04457,0.27650601979737405,7.57683,1.55512,0.3646077317129557,9.03078,2.94435,0.362606616941506,10.97295,3.25578,0.018196833647326875,12.91656,3.28774,0.3346880830917636,14.46959,4.14814,0.1309722151156942,16.46375,4.78481,0.24798809365567062,18.32162,4.80348,0.01116723349141547,19.69881,4.66337,0.002151694266068946
3800,6.7282,0.06476,0.4337863680198619,7.58902,1.57907,0.2834586189277833,9.03293,2.94526,0.039210761308057666,10.97394,3.25582,0.0064754586143895235,12.92735,3.27351,0.12043516772455268,14.46721,4.14118,0.04746268024148336,16.4664,4.79781,0.08894589292437576,18.35838,4.75738,1.4775561130764054,19.70105,4.66108,0.38840032878841857
3820,6.73076,0.09848,0.0292646795286034,7.59772,1.60045,0.09207186651140722,9.03392,2.94479,0.02402707695616286,11.19863,3.26358,0.2908964573415092,13.06097,3.13149,0.7316838958651977,14.43485,3.94856,0.6323349730287,16.54316,4.96951,0.7637350493537675,18.43678,4.58939,0.07794731024667283,19.9155,4.57517,0.18541218370735346
3840,6.74138,0.11426,0.29572950950906685,7.60848,1.6152,0.4210385986955576,9.03919,3.00893,1.28914125445607,11.21468,3.26372,0.0796633848234964,13.09102,3.10048,0.21308424342382734,14.43808,3.91169,0.211540583385102,16.55296,5.01327,0.21957138862054687,18.47533,4.54611,1.4212210560336314,19.92549,4.57281,0.001884987742179619
3860,6.75882,0.13679,0.012637348405576657,7.6291,1.6496,0.08546212027468411,9.04098,3.19385,0.0018474957622732439,11.20767,3.51159,0.012444683179442355,13.10339,3.08792,0.000467202854086945,14.57829,3.91391,0.4615746597649511,16.55175,5.01376,0.6355900213977606,18.55928,4.37185,0.0006229847356576365,20.13251,4.43432,0.0010754737222736462
3880,6.75685,0.14282,0.3835063381128403,7.64013,1.66976,0.12336401306250265,9.24127,3.07506,0.2041102925212723,11.21062,3.51201,0.005585206428956042,13.26902,2.90627,0.01596846079956697,14.24119,3.91395,0.0029936211608503354,16.44193,4.79766,0.10341916997469873,18.53339,4.3646,1.0264884981176614,20.13307,4.43431,0.0016018794657134355
3900,6.78969,0.19966,0.14874968131616914,7.68332,1.74712,0.12257411017592286,9.25698,3.06797,0.009130436124409162,11.27713,3.68793,0.738581319165217,13.27009,2.90543,0.004932110947443089,14.30494,3.92104,0.6231366176731372,16.43976,4.8064,0.003724193291481104,18.3185,4.30892,0.030787557769955093,20.3156,4.29515,0.2452168234322937
3920,6.81886,0.23267,0.25451769566556376,7.72856,1.81474,0.3778808747375595,9.47006,2.95619,0.10734610142172796,11.28255,3.75021,0.0023730571298491293,13.0404,3.00496,0.020468979508757736,14.27654,4.16213,0.002055962558308395,16.30547,4.59461,0.020609919735285316,18.31986,4.30593,0.3810876667031995,20.33223,4.28599,0.0007657795897114255
3940,6.86623,0.32984,0.05231551686056116,7.78456,1.92147,0.12309840832381186,9.47907,2.95314,0.002115004041147038,11.29891,3.72415,1.1191124757564657,13.04051,3.00669,0.001456531734263367,14.27718,4.16228,0.027364765716405528,16.30794,4.59419,0.0009240510373582352,18.56032,4.28081,0.011424273901228759,20.24127,4.06403,0.1231086060456617
3960,6.89303,0.35772,0.2847030355720277,7.82389,1.97825,0.4752376445134659,9.66805,2.91203,0.6614727339498153,11.39582,3.52718,0.008542668952116474,13.24373,3.10928,0.2685079071217243,14.37748,4.39045,0.00940601523002145,16.29332,4.34537,0.009106784951147268,18.54332,4.28047,0.1799382811334341,20.23883,4.05408,0.0012984044712648084
3980,6.97326,0.51302,0.21553051729649,7.89823,2.11595,0.2717668818290081,9.72232,2.90742,0.014634787510163618,11.39754,3.52687,0.01187804167472401,13.26479,3.11534,0.00567248762244375,14.37774,4.39116,0.0005865828252394356,16.29336,4.34519,0.0006204630542658673,18.54121,4.51949,0.11425681794801108,20.30508,4.00238,1.3481259356874387
4000,6.98603,0.53467,0.21292426960536223,7.91313,2.14178,0.3188194977186167,9.72421,2.90758,0.010773683188486516,11.54697,3.4543,0.9986290247233472,13.26855,3.1184,0.4664120194190825,14.46473,4.47943,1.54692777812658,16.31558,4.33608,1.1268430251580324,18.54192,4.52759,0.01738077218175608,20.44305,3.96583,0.31305919144201794
4020,7.06457,0.66671,0.23651180558579052,7.98763,2.26479,0.25177877502440227,9.95639,2.87802,0.20068852633646117,11.62845,3.43471,0.015361676730352358,13.47365,3.24385,0.05996315213529767,14.51919,4.59561,0.020389728512299896,16.40119,4.1244,0.05836280682985524,18.47826,4.75148,0.1904284609382386,20.45381,3.96431,0.0366948741316839
4040,7.10078,0.73966,0.16715772795729583,8.03556,2.35872,0.18331604468803897,9.968,2.88163,0.12819020016061677,11.63476,3.6686,0.1844263799188828,13.47769,3.24666,0.011934550768616556,14.65625,4.52557,1.3236879849785146,16.45366,4.09788,1.598661579721472,18.47498,4.76775,0.0046562300456543726,20.22393,3.8771,0.011315238196356995
4060,7.14643,0.82101,1.180170789539461,8.07933,2.42948,0.16627488048592698,10.1951,2.87764,0.19628830234734534,11.63644,3.68433,0.0009581351475719071,13.62037,3.44658,0.04194010529313644,14.75017,4.49735,0.0071009805497849405,16.57261,3.94066,0.018935800738348857,18.45991,4.7123,1.3634552039323151,20.22463,3.87703,0.00032049852341713695
4080,7.20821,0.92353,0.14435095413585183,8.14827,2.5488,0.1337023226996969,10.20915,2.88162,0.0460182638113561,11.65477,3.671,0.9495358144098225,13.62251,3.44924,0.00038170663835931993,14.75326,4.49477,0.45941689100992095,16.5726,3.93864,0.0013062463142974568,18.45143,4.51825,0.004807681626197805,20.40653,4.00888,0.2948226458783329
4100,7.21024,0.91842,0.06314529167347903,8.15981,2.55856,0.09359125300005498,10.32525,2.8796,0.9056583409177856,11.86559,3.59628,0.054159746572608726,13.54493,3.6413,0.5202125620581433,14.97168,4.38999,0.05843352812487549,16.75888,3.78424,0.09087384441869453,18.45798,4.51404,0.5022582119204254,20.42847,4.01847,0.0069386300025289695
4120,7.26642,1.01775,0.13064194443546456,8.17263,2.57679,0.10752103115905015,10.43442,2.88072,0.05829888134289959,11.87218,3.59301,0.40681785988169905,13.53571,3.68094,0.031145375686445004,14.97589,4.38816,0.0032686344923646806,16.76516,3.77975,0.01334191534075469,18.6649,4.44248,0.2844305151138809,20.41305,4.03132,0.9109726878631969
4140,7.2662,1.0274,0.2348901872693788,8.17321,2.59023,0.34927823982542344,10.4869,2.88526,0.2030390760204375,12.11306,3.54164,0.015037843693091874,13.76583,3.67969,0.22738115545240642,15.20083,4.27817,0.00703903065471576,16.9782,3.65088,0.00977274167982755,18.68658,4.43678,0.008956875724754954,20.34212,4.25282,0.004850222066673006
4160,7.28823,1.06483,0.15793339732974077,8.17486,2.58951,0.0906665327247984,10.48286,2.88355,0.12190867130391662,12.1143,3.54162,0.0030090866390824027,13.78466,3.67982,0.003069580001948818,15.20144,4.27791,0.0003204146011696748,16.97943,3.65095,0.0019670464161677076,18.68914,4.67927,0.09312806518169554,20.34186,4.25044,0.36255069605349943
4180,7.29339,1.06631,0.005708235800575595,8.18233,2.6013,0.13900046412446543,10.51006,2.88378,0.05636943516618507,12.3549,3.49342,0.04107642066075205,13.78887,3.719,1.0497713397190462,15.41869,4.15894,0.04245529586109156,17.18863,3.7497,0.22026847852957288,18.69129,4.68716,0.002715616845981899,20.55881,4.13689,0.031847641970960225
4200,7.302,1.07886,0.13833283154298862,8.19145,2.61218,0.05250012707629722,10.55707,2.88128,0.022445222342317966,12.35834,3.49331,0.0064225249109789015,13.79024,3.92509,0.05642999924760018,15.42123,4.1576,0.0013192934040269398,17.20629,3.75525,0.005705848975952302,18.75503,4.63167,1.4783232604321959,20.56134,4.13614,0.006774272583657528
4220,7.30657,1.08859,0.07271779652763538,8.19419,2.61757,0.14939659323469393,10.53213,2.88081,0.09011516897089765,12.35952,3.70566,0.44754173497281846,13.79102,3.92931,0.007937737740920672,15.60156,4.04284,0.4383341939809936,17.38872,3.82455,0.6658143883604384,18.91853,4.58197,0.012748985619021134,20.80129,4.08051,0.03197794590069346
4240,7.30722,1.09212,0.22592344728345765,8.2011,2.63031,0.06676390624226543,10.53957,2.88115,0.027502319438637412,12.35951,3.74218,0.0060232707308150845,14.03154,3.91313,0.09109710399795096,15.63445,4.02641,0.006178437631891206,17.44263,3.83458,0.008876465267631754,18.92385,4.5901,0.48316996526433076,20.80352,4.08028,0.003001906469114471
4260,7.31857,1.10869,0.04261945240092594,8.20537,2.63594,0.02450696338849629,10.53802,2.88141,0.041079411902137423,12.3782,3.6963,1.213795710855297,14.03909,3.91299,0.001395427058344289,15.65764,4.00471,1.1466020357655586,17.44331,3.83497,0.041588790827326735,18.92986,4.82904,0.011321700972702088,20.97447,3.90952,0.05551883992238359
4280,7.31937,1.10951,0.044966771956704434,8.20624,2.64247,0.06845510435441618,10.45396,2.88146,0.059159384509215276,12.40441,3.49927,0.032430701786618506,14.27449,3.89455,0.1517831442622662,15.84738,3.90078,0.04369529643757266,17.68395,3.8373,0.11014261696028158,18.95292,4.82211,0.7567218618458881,20.97838,3.90693,0.0009360128499382549
4300,7.33359,1.13285,0.013848332881394369,8.20855,2.6379,0.009516970455288208,10.44924,2.8816,0.019799056764472054,12.40632,3.49382,0.3769005595777318,14.28733,3.89436,0.0013422188823243003,15.8509,3.89933,0.00041142509562303286,17.69315,3.83751,0.0012386448459612406,19.15749,4.70939,0.08643682593276997,20.95821,3.92169,0.9695515785004123
4320,7.33215,1.13347,0.0369937935150456,8.20397,2.63852,0.033379538808691295,10.40742,2.88175,1.0636340094658567,12.44995,3.2555,0.05640914042433535,14.44062,3.74365,0.41190564303987576,16.05862,3.76909,0.07234179826164924,17.92283,3.78356,0.1571343136511533,19.15043,4.70942,0.00911838576397396,20.78629,4.06292,0.03305195278974334
4340,7.34114,1.14608,0.014745477633945668,8.19368,2.62099,0.02197982050235912,10.20231,2.88084,0.020106328074293568,12.44613,3.25044,0.026299155771743084,14.46714,3.72244,0.001489809490650564,16.06313,3.76659,0.00133912798293223,17.93569,3.78247,0.0010046048005162623,19.30814,4.5167,0.016505490782773975,20.90035,3.99395,1.42107612523224
4360,7.33817,1.14691,0.04845472201882001,8.19458,2.62813,0.08044031353543132,10.20134,2.88359,0.008813253826240418,12.25604,3.09517,0.025691884193005794,14.2678,3.61951,0.3106679153585274,16.27768,3.64538,0.020055331162312933,18.17867,3.75052,0.05100156421764121,19.30919,4.51578,0.0012347697235273788,21.01427,3.96718,0.004466753703221507
4380,7.34177,1.15287,0.10382332364348262,8.20066,2.63868,0.24952891926566012,10.20558,2.94648,1.3446718103486264,12.25474,3.09428,0.007666762395124326,14.25319,3.60908,0.0907588454590643,16.27833,3.64471,0.010628346562805034,18.18113,3.75042,0.020808616098297164,19.35688,4.475,1.6410014063855105,21.01431,3.96737,0.006834368673198277
4400,7.34451,1.15894,0.09794968711527519,8.20221,2.64024,0.18565102364520814,10.20547,3.12645,0.023604121009304938,12.07738,2.93376,0.08707913262150377,14.24538,3.60414,0.018202838442032077,16.27595,3.72178,1.4396174889241187,18.18442,3.74497,0.4831954976469718,19.47517,4.33058,0.025999409732571543,21.25166,3.91984,0.08432542320911515
4420,7.34594,1.16058,0.12516908874506888,8.20157,2.6384,0.10716106508214596,10.20221,3.1487,0.721156825698462,12.07385,2.93049,0.035937250566202415,14.19394,3.56572,1.3150832409696263,16.27678,3.83142,0.754655183102777,18.23594,3.67582,1.2783261058157558,19.48873,4.31853,0.8960148170046168,21.25616,3.91942,0.030611059826797765
4440,7.35045,1.16689,0.013885982666767606,8.1994,2.63148,0.03659737733102889,10.1996,3.30452,0.8543332056019681,12.06709,2.92171,0.5519352247397751,14.04946,3.53603,0.4838219418647289,16.27369,3.88395,0.580975239850273,18.35385,3.62313,0.4263142604884834,19.61082,4.1943,0.7098384350564889,21.30226,3.92423,1.0871795930046062
4460,7.34944,1.16949,0.040930008847714736,8.20007,2.6357,0.11285831726794654,10.17608,3.40416,0.7767235287460635,11.94116,2.72325,0.020616986827336075,14.11056,3.549,1.377670751538377,16.24356,4.12065,0.03289972263750557,18.53515,3.46953,0.11288640608896151,19.65172,4.14687,0.41949967342890515,21.50423,3.92641,0.017118589348693834
4480,7.35456,1.17705,0.060747640869120004,8.2174,2.66746,0.05284596843487181,10.16024,3.61725,0.00989458144835722,12.09275,2.594,0.940672802347749,14.28579,3.55603,0.005652594027321503,16.25214,4.1183,0.04834406470137474,18.38527,3.46783,0.0661389476154182,19.86853,4.02945,0.010546263907421562,21.7387,3.85553,0.05915726638947787
4500,7.35723,1.17739,0.00907774278369917,8.23351,2.69306,0.0434342697380554,10.16596,3.60001,0.6238207323168187,12.07197,2.51268,0.003037650751652255,14.10879,3.39017,0.07158564489661515,16.4509,3.98182,0.004410270233239093,18.55235,3.28786,0.005635670828638056,19.86891,4.029,0.0009152238677372213,21.74349,3.85487,0.00046267444813896045
4520,7.36742,1.19378,0.045226086358449456,8.26343,2.73606,0.08653275253712307,10.25943,3.33625,0.15361980617034457,12.07563,2.51803,0.03897343156764577,14.10453,3.38631,0.00107600419147276,16.45078,3.98172,0.00013556936946648113,18.55302,3.2878,0.00064162392259817,20.07707,3.91992,0.18915079838363205,21.93223,3.78002,0.5627918650690372
4540,7.36753,1.19567,0.03399700259057954,8.26269,2.73936,0.11239943549208785,10.26353,3.38775,0.004871600031057296,12.24123,2.69556,0.02471808330596047,14.16583,3.39066,0.9655473260312305,16.56433,3.72733,0.30787045519413175,18.68106,3.10091,0.2561556812341115,20.09186,3.91416,0.005290922210958491,21.97753,3.77182,0.0077447395974962535
4560,7.3699,1.20241,0.2713871292853556,8.26421,2.74277,0.43048137319073065,10.30349,3.32817,1.6719632664969326,12.24308,2.69566,0.02185035973450908,14.28547,3.40877,1.3452083238613024,16.56867,3.74907,0.15671518419704328,18.69178,3.09243,0.0909537031166744,20.12229,3.889,1.3230182618065582,21.9779,3.77167,0.004958598186392198
4580,7.37955,1.2163,0.0027829312853264415,8.30073,2.79189,0.01952740812894708,10.36704,3.16168,0.02893500126103989,12.42969,2.84235,0.15589587711623287,14.36853,3.41663,0.030366200063120477,16.60004,3.52207,0.7667591734633054,18.75364,2.95298,1.2005170505015546,20.30961,3.80395,0.07997735217798224,22.19006,3.67767,0.20951481680142975
4600,7.38857,1.23267,0.3318290245905911,8.30364,2.79706,0.19686238369582656,10.42435,3.0843,1.7359156901080879,12.4376,2.84883,0.041365267932456345,14.37831,3.49996,1.416397444641482,16.60296,3.4961,0.11117793518651929,18.78854,2.88405,0.2666788818069682,20.35881,3.76063,1.5715203269720917,22.20322,3.67445,0.050072552003529044
4620,7.40177,1.25553,0.06711306707482889,8.51712,2.87603,0.44914297660159436,10.48579,2.94271,0.02529916993047428,12.63389,2.98455,0.12816789667431905,14.38295,3.66324,0.027709007708332106,16.66597,3.27575,0.1854150590676813,18.78711,2.87529,0.02518444423850697,20.52263,3.67277,0.03842836949848775,22.42115,3.57494,0.1266540862703983
4640,7.40178,1.25654,0.01857182031250762,8.55144,2.87022,0.03932111127225876,10.61949,2.87831,0.44746539736608043,12.64519,2.9901,0.01810778161870445,14.57285,3.81065,0.48843562350836744,16.66755,3.26114,0.003278212912656787,18.58817,2.99575,0.09847233084211274,20.54192,3.64192,1.1827070311112007,22.43071,3.57233,0.004174596000138588
4660,7.47073,1.38038,0.2037148447572587,8.74824,2.87954,0.2857171112317108,10.65761,2.88162,0.03201135348381403,12.81605,3.10289,0.5336821288237978,14.54956,3.85026,0.014392063837803037,16.66262,3.26269,0.02338121025077687,18.58084,2.99948,0.0028422751098724293,20.59924,3.43786,0.07092330474073155,22.60561,3.46337,0.5231227119153504
4680,7.47293,1.38023,0.05446072461586253,8.77159,2.87811,0.1038089628767947,10.67797,2.89417,0.8760304760550635,12.8565,3.12096,0.004631899161636549,14.71258,3.75489,0.7037629827335805,16.42633,3.2206,0.05427769864189195,18.80798,3.04455,0.16112561224150393,20.60301,3.4338,0.020272686216849474,22.64668,3.44919,0.00042859283452938537
4700,7.56351,1.54126,0.49885837278773915,8.91443,2.88483,0.49420698942646396,10.89565,2.92226,0.10892116039878463,12.85901,3.1214,0.0037615954962708508,14.7635,3.73319,0.08742586215187556,16.48424,3.22028,0.36688268638105254,18.82142,3.04519,0.011607767084776148,20.71743,3.24194,0.3258055948055324,22.6411,3.44615,0.5003247904517956
4720,7.57262,1.55939,0.15798752071468344,8.95396,2.88459,0.16402344458872054,10.90839,2.92411,0.0016176491799113305,13.07357,3.24213,0.008933177515239407,14.77051,3.73056,0.4140690202869945,16.53067,3.45858,0.1320166901972781,18.79092,3.05845,1.1878961861395243,20.72583,3.21637,0.0009672251448475692,22.60807,3.20246,0.0050308320387626075
4740,7.63232,1.66315,0.10118240747188294,9.10887,2.88473,0.955429254943562,11.13419,2.96194,0.24747043155288798,13.07639,3.24269,0.009044320807077698,14.96167,3.60567,0.21210770053936442,16.52364,3.46776,0.008457624053807114,18.58508,3.10649,0.030924758976291867,20.83292,3.02929,0.39141231906858104,22.60743,3.2029,0.009692283449997058
4760,7.67338,1.73694,0.11996173536761483,9.18221,2.88302,0.052533906875346,11.15537,2.96406,0.0004620456400369403,13.07931,3.48837,0.04683010542346974,14.97773,3.59799,0.00036961792232337423,16.63938,3.68053,0.09949092385377974,18.59574,3.10673,0.45505478979800545,20.84887,3.00069,0.005544891975052696,22.82466,3.08116,0.008440456913122367
4780,7.72744,1.83165,0.15316757292490754,9.19217,2.88601,0.039199353435416404,11.39546,2.92995,0.04646219111733846,13.08236,3.49244,0.0016999063126690046,15.18349,3.46342,0.022404312674667467,16.64429,3.68803,0.0004821217563718167,18.82822,3.09748,0.008093777794495181,20.68466,2.85064,0.2996504494506343,22.8238,3.08062,0.004963454343595589
4800,7.74411,1.85727,0.16492690944987692,9.20213,3.13343,0.006328638400377163,11.39992,2.93062,0.00554015131779862,13.17063,3.70697,0.2154664902490596,15.1863,3.46322,0.0015767813873642663,16.88996,3.79116,0.897745687778869,18.82268,3.09916,0.024547874783342895,20.66372,2.83381,0.0011583351609885184,22.6185,2.93057,0.0881401753825033
4820,7.75178,1.87359,0.08885500738987856,9.20222,3.13381,0.0023104080846995316,11.39267,2.94439,0.642060539326762,13.17479,3.72357,0.01016581267261007,15.35527,3.33069,0.3882070601518482,16.87116,3.81434,0.12159862722442862,18.81685,3.32858,0.22425242261923437,20.66109,2.83203,0.3595461280338518,22.62477,2.92726,0.0025479629162371373
4840,7.7946,1.9427,0.12417221045339151,9.4348,3.0477,0.034583962868101774,11.39191,3.18055,0.011812997284562225,13.3182,3.80445,1.3856328039989299,15.38472,3.31674,0.013660362836307727,16.86323,3.81416,0.021831265745028715,18.81599,3.34735,0.00122008883957515,20.50195,2.64516,0.014695602915988142,22.36515,2.91404,0.5425034075342096
4860,7.82379,1.99459,0.23917033850556554,9.43602,3.04526,0.004659137377352528,11.397,3.18448,0.5005896439971084,13.36884,3.88186,0.003063289435958493,15.34488,3.30146,1.340343296902611,17.08798,3.70869,0.005250348310045445,18.88613,3.12059,0.14749956876610779,20.50143,2.64437,0.0008034171547113621,22.37316,2.91312,0.0004968244997291814
4880,7.86376,2.06554,0.15050461630560155,9.44261,3.11833,1.4295023078472684,11.4424,3.42086,0.0669668123653683,13.36821,3.88275,0.002847840454090872,15.14981,3.24675,0.028131322443930195,17.0868,3.70821,0.0011078620743027782,18.88826,3.10864,0.0019280595034735937,20.37623,2.43902,0.09805790040839749,22.36688,2.91002,0.5379143501689432
4900,7.87286,2.08297,0.10975359799910031,9.44315,3.291,0.04077820212383077,11.44527,3.42732,0.019901101938215524,13.55716,4.0221,0.14510131724539685,15.15647,3.27039,0.8806785956947597,17.2898,3.59677,0.1979628597458095,18.9699,2.89543,0.2632735664943852,20.37172,2.43127,0.004625017839074552,22.16025,2.78679,0.047557255872771036
4920,7.927,2.1663,0.11900453829272907,9.50742,3.48317,0.5893170656222212,11.55571,3.63789,0.14430134166644418,13.56847,4.02841,0.006554414862762546,15.16014,3.49106,0.0664064184410188,17.3052,3.59261,0.008869015395957563,18.97477,2.87488,0.00803537502187283,20.27973,2.22084,0.2325538969253837,22.15596,2.78403,0.022353318231635864
4940,7.93802,2.18535,0.0570175663893863,9.51352,3.53147,0.0002733040562585442,11.5582,3.64863,0.0010934963444112192,13.4144,3.83327,0.01829572123855637,15.16234,3.4968,0.006902648514838221,17.10145,3.50403,0.32566839899379096,19.06058,2.70335,0.6890991795274068,20.27589,2.20191,0.001446269629646292,22.3289,2.60374,0.0009883910993285325
4960,8.0252,2.33637,0.044735631940934655,9.51073,3.52866,0.009819197255260356,11.32355,3.72868,0.0025268547258280997,13.41312,3.83178,0.00020990044350852264,15.40752,3.48715,0.0021882119548922246,17.07871,3.49295,0.00010532879023835971,19.07675,2.64827,0.00014829231423497862,20.52351,2.22515,0.016555533185645604,22.33117,2.60407,0.002003950385135046
4980,8.02385,2.321,0.146734842391423,9.48254,3.28477,0.01692468556421989,11.32431,3.72824,0.006131867982040314,13.57835,3.68194,0.292107177048487,15.40866,3.48712,0.006888388747620417,17.08937,3.49018,0.20583478308317768,19.07635,2.64847,0.002597877370153394,20.52675,2.22526,0.0009363280735740463,22.53899,2.47282,0.030058503507415575
5000,8.01245,2.32681,0.11936921877230915,9.4824,3.28347,0.0023739396021590243,11.34408,3.7874,1.2255260895273705,13.59896,3.66847,0.013459970897062629,15.62533,3.42925,0.2847872335783486,17.10223,3.72128,0.22949637453576535,19.13065,2.42959,0.23214203820054571,20.59088,2.23345,1.575378462377173,22.54099,2.47178,0.011234370086729254
5020,8.02327,2.33111,0.021418557644320498,9.50781,3.04083,0.05931554150453589,11.3478,3.97465,0.015435364788316601,13.4628,3.62882,1.3553560054099574,15.64825,3.4264,0.010886676868594226,17.16314,3.7343,0.2005841356831762,19.13687,2.41007,0.0013756211726537301,20.77669,2.23881,0.007474944393670719,22.7355,2.3239,0.060226312916592806
5040,8.02171,2.33101,0.05222245372321946,9.50848,3.03617,0.007066824320111044,11.3906,4.11931,1.1830640066363538,13.35878,3.61281,0.004542156334292013,15.62993,3.63086,0.5943318221713912,17.38504,3.86767,0.24711626208836807,19.05168,2.18444,0.07771601614724805,20.77934,2.23864,0.015614812961944178,22.73965,2.32122,0.0007069857778512522
5060,8.02862,2.3468,0.2397050307382075,9.73326,3.1441,0.02385125835755116,11.39912,4.21829,0.0023551848415853203,13.36367,3.61519,0.02880532691451174,15.62884,3.676,0.009177251203317166,17.36481,3.8682,0.0009228386854535554,19.05056,2.17828,0.002001263724487252,20.78625,2.48796,0.00043376086904629775,22.71651,2.11812,0.544549510258899
5080,8.04187,2.37078,0.1711298608664409,9.73399,3.14553,0.0007098709801143339,11.40063,4.21617,0.02020429765482056,13.37754,3.86292,0.004647989667834627,15.54671,3.88268,0.3394956821056968,17.54863,3.69771,0.026256234948614253,18.90457,2.37198,0.09839186564983586,20.7857,2.48818,0.0005583071550166764,22.71457,2.07291,0.0017896319933636865
5100,8.06052,2.39631,0.09680014667257163,9.91693,3.21887,0.6284744672362463,11.58369,4.05198,0.01903016848009883,13.37867,3.86287,0.0007100769325431457,15.54178,3.91039,0.0010484118475246646,17.54834,3.69974,0.00030800505227894216,18.89924,2.37747,0.009388564735856747,20.95328,2.34752,0.36526926729081277,22.71233,2.07382,0.008324507424545406
5120,8.07027,2.40603,0.20775279083834883,9.96761,3.23074,0.00015912438069488354,11.58608,4.05177,0.0003734235957809914,13.50047,4.08138,0.001010398071624849,15.54727,3.91094,0.017582173395427003,17.72203,3.87381,0.022358749398845412,19.1259,2.40991,0.24498725725545256,20.98004,2.32952,0.004694601118360895,22.96091,2.04474,0.0018734771635363996
5140,8.12064,2.4978,0.12083307901855556,9.96545,3.2299,0.011333447913961563,11.77523,3.90627,0.12732453704923374,13.50363,4.08146,0.007433639060262928,15.7806,3.88883,0.10400240427818283,17.72568,3.87437,0.003774170340089343,19.14739,2.41127,0.013302104915467471,21.17095,2.19232,0.1599018372609566,22.96216,2.04435,0.026892956040484806
5160,8.12056,2.49776,0.04322958503359131,9.9172,2.99196,0.05309001704153708,11.78424,3.8999,0.004117948282231692,13.76638,4.20389,0.2736311742517256,15.79121,3.88848,0.008323960342744578,17.74798,3.84348,1.285817044635955,19.14814,2.41191,0.017360797813711464,21.18365,2.18514,0.0032989872342109898,23.18617,1.95605,0.09140580697549378
5180,8.11912,2.49942,0.12891875970137626,9.91671,2.98813,0.007799800610331512,11.82564,3.84335,1.6043325155031603,13.72486,4.21148,0.07864545091720225,15.85162,3.83556,1.2190250821471715,17.83301,3.68073,0.3489938354644813,19.31244,2.49453,1.0117264720224657,21.19817,2.17256,0.9204751399332901,23.19263,1.95474,0.0139376511548565
5200,8.13723,2.52937,0.14641752728143373,10.10233,3.02449,1.107164404305028,11.96997,3.7367,0.03409783855882385,13.78612,4.22835,1.835340276175977,16.01726,3.79835,0.08319096227290836,17.84859,3.65548,0.010821529578317423,19.37629,2.51551,0.007405016089494353,21.41017,2.09117,0.039553359081759866,23.3055,1.89907,1.5483472252498132
5220,8.14415,2.53763,0.03499797414500352,10.16296,3.03189,0.008257429358402464,12.18417,3.75268,0.44615963643965173,13.96696,4.25748,0.005047953820624285,15.78426,3.81423,0.11627634374980247,18.03845,3.49858,0.0010046932011005252,19.62598,2.50848,0.0012617793779075162,21.41973,2.08933,0.018842958921511173,23.43064,1.8769,0.000777402271458446
5240,8.1824,2.59915,0.17092970835514137,10.40708,3.02443,0.034039850345473376,12.22322,3.75395,0.0030375995342719663,13.96742,4.25751,0.013228566825666728,15.77443,3.81444,0.0011203884694669349,18.03888,3.49857,0.00029919089422621213,19.62592,2.50863,0.0005867836249870612,21.42622,2.33751,0.02121595946971439,23.24625,1.78146,0.818214303276923
5260,8.19346,2.61628,0.12041635940942667,10.40994,3.02437,0.000625294775676349,12.22366,3.75419,0.004882996543957643,13.97237,4.50583,0.012591900655091458,15.7433,3.82434,0.7850020804271485,17.78407,3.44556,0.1285364214320703,19.62654,2.5804,1.5083300317656276,21.42532,2.33934,0.0014761707472738272,23.21322,1.75196,0.0003945494233469432
5280,8.2275,2.68219,0.06671091945575128,10.23204,2.8837,0.17139841947432308,12.45183,3.66072,0.005653212559345479,13.97202,4.50733,0.0011637752436710837,15.52756,3.83093,0.12397710334961011,17.79146,3.44413,0.0002679519969317954,19.63085,2.75895,0.0004945978087280455,21.66096,2.26504,0.009427137354810981,23.21285,1.75291,0.007484280498178554
5300,8.23121,2.6828,0.05316761249893597,10.21887,2.882,0.020745071116289957,12.43967,3.66072,0.007775743316523512,14.09804,4.43527,1.28270538946454,15.52732,3.83098,0.002807554003054784,17.73462,3.46645,1.5827198525271349,19.63424,2.76134,0.4494898088229974,21.66236,2.26454,0.0007309805911609901,23.44757,1.69072,0.08703653984912502
5320,8.23553,2.69028,0.17219983771643102,10.21648,2.88085,0.005181041095914835,12.19966,3.59116,0.020044432329777324,14.19878,4.40824,0.001956158791825601,15.28442,3.80712,0.016745208442949504,17.545,3.49025,0.001146022552912271,19.69921,2.99864,0.004608048387116777,21.62395,2.29398,1.4142698802830436,23.45481,1.68977,0.0028209945208457084
5340,8.23395,2.69215,0.053033408882879426,10.05081,2.88275,0.030067133459891798,12.19703,3.58843,0.001174797345265842,14.01646,4.24024,0.04340455643527399,15.28347,3.80681,0.008643456980390379,17.54978,3.34272,1.3292881890166748,19.69298,3.00051,0.03249880471399963,21.52747,2.47311,0.0002930063385220125,23.37652,1.45337,0.005633279708306123
5360,8.23918,2.69145,0.06211712840422524,10.04382,2.88295,0.02181949908558763,12.17943,3.57578,1.1317876925919879,14.01589,4.23687,0.0047620202726084675,15.43205,3.78229,1.4001962628309896,17.54932,3.24239,0.012540174284564831,19.50382,3.14874,0.045340220762187196,21.52306,2.47618,0.40538787244326147,23.3764,1.45293,0.0002913083618229034
5380,8.22573,2.67385,0.038539780314641045,9.97093,2.88089,0.02311877333612662,11.96147,3.50558,0.019438326706655577,13.86696,4.13747,1.2492305185031483,15.53062,3.75213,0.012655914140855611,17.54845,3.24202,0.014797330388409224,19.49965,3.15212,0.0005358968596110014,21.38935,2.67899,0.028996762188516705,23.1698,1.58226,1.1115098151842333
5400,8.22046,2.66629,0.05816606345444567,9.96937,2.87907,0.04074319300442888,11.9573,3.50647,0.23210061565811205,13.80788,4.09582,0.014682828888373849,15.73767,3.67522,0.3237330030736163,17.35141,3.1196,0.17972790821337628,19.32222,3.2963,0.23472460170684206,21.38611,2.68149,0.004475935468392925,23.15696,1.60327,0.14315934256861557
5420,8.22684,2.67302,0.2350176063062408,10.19235,2.95702,0.1619292465039156,11.95885,3.75393,0.011169220759990654,13.81085,4.09303,0.008275240181769486,15.76414,3.66936,0.0019037615783495231,17.3381,3.11198,0.0006883473044896467,19.30576,3.30949,0.0007931468032644251,21.2357,2.8785,0.017680009662987287,22.93588,1.78097,0.3445333132446896
5440,8.22702,2.67752,0.06174298015672744,10.2051,2.96043,0.0034787442835255214,11.96093,3.7548,0.02107213895779675,14.01655,3.97865,0.11791092503465417,15.76404,3.68495,0.7002080793341383,17.16918,2.95506,0.21489872664917672,19.13251,3.45845,0.23121314000948012,21.23361,2.87959,0.00800043790392073,22.98762,1.78146,0.03356742646624303
5460,8.22182,2.67315,0.11922359507986423,10.2089,2.96474,0.5129907452466668,11.99683,3.79627,1.0657957721487956,14.02256,3.97642,0.04150240216541714,15.76442,3.79091,1.5515815431887712,17.1592,2.94883,0.07335760255038475,19.12241,3.46661,0.08311292853668888,21.19955,2.90608,1.3393396451074473,22.98947,1.78151,0.03646367713657298
5480,8.23201,2.68443,0.039245495321026586,10.44045,3.03435,0.003869740898499324,12.02633,3.99591,0.0008831712579268786,14.0207,4.21382,0.14231566039552815,15.76417,3.91901,0.0035888014281891694,17.17498,2.95917,0.8464881766053316,19.11289,3.4735,0.38359706650307884,21.06391,3.06165,0.00209106641028177,22.84141,1.986,0.005226502566477824
5500,8.23431,2.68739,0.08440564423936289,10.44083,3.03443,0.0018011964537840168,12.05788,4.01679,1.260886738064375,14.02072,4.22241,0.04009051500866237,15.78344,3.98691,1.340237697251493,17.31805,2.97502,1.170040163276313,19.01858,3.55161,1.467497170765576,21.05295,3.07081,0.7465451388890213,22.84173,1.98602,0.0006590691475589302
5520,8.25,2.71831,0.28253938964075054,10.66874,3.09451,0.05351628642980883,12.14397,4.21586,0.012415013075557247,14.1838,4.09469,0.48862109957250166,15.79498,4.16564,0.00658929331326684,17.39418,2.98656,0.5073859535180976,18.92601,3.63226,0.0030203889851294938,20.89675,3.24516,0.00921949787630352,22.72949,2.21219,0.0035576494305259243
5540,8.25998,2.73584,0.277540448550121,10.58326,3.09501,0.23340100507245323,12.15889,4.2248,0.8611314803927547,14.21761,4.07343,0.008341476712580224,15.85256,4.10844,1.4281610966565723,17.3599,3.22253,0.07302373507896873,18.77392,3.81044,0.1513187564993646,20.89167,3.2487,0.44840016349001643,22.72957,2.21192,0.0009000338202262971
5560,8.32058,2.81066,0.821462624255329,10.74393,3.13869,0.8971323911564284,12.31362,4.39362,0.05078263989808706,14.32559,4.19116,1.0757649808285663,16.01537,4.05282,0.03160819815645967,17.35899,3.22802,0.00988005986295379,18.76377,3.82021,0.00617525320057452,20.71261,3.40969,0.04898947331201501,22.57621,2.42723,0.20880405160940704
5580,8.62359,2.8788,1.052100895440966,10.81752,3.13911,0.05420601939497373,12.32133,4.39095,0.5303951710636498,14.3902,4.2465,0.05296538227588309,16.1701,3.92608,0.6124325935279962,17.53817,3.35574,0.37364972389824896,18.65408,3.99715,0.4803217337277928,20.70888,3.41279,0.009279119988513076,22.5925,2.42474,0.009848662102777794
5600,8.96203,2.90435,0.7639718853753635,10.98742,3.17524,0.9290700467467516,12.51812,4.28218,0.21879972237294742,14.39314,4.24823,0.005818042039128701,16.20824,3.89729,0.14560169738678141,17.56486,3.3683,0.017941037140178834,18.63399,4.02998,0.02930264407396113,20.53856,3.55226,0.3404431606502018,22.41287,2.57944,1.1911909787741657
5620,8.90033,2.90664,0.045753549321311864,11.0626,3.17894,0.0025691315485987082,12.53667,4.27494,0.0017657237091319676,14.60362,4.12241,0.028622653097264753,16.2151,3.89313,0.43645656492559953,17.80426,3.37761,0.12331188897407219,18.68712,3.99896,1.284683558923351,20.51707,3.56995,0.0033819068764565307,22.41356,2.60657,0.03525678896904953
5640,8.92024,2.91692,1.0857029371221196,11.06388,3.18248,0.27485914487051005,12.604,4.23379,1.6191343805606717,14.60533,4.12179,0.019842784057463658,16.29895,3.84268,1.6251360403823836,17.81117,3.37774,0.04795850354263563,18.80898,3.97808,0.9354604389297784,20.50336,3.5887,0.732488227364547,22.41551,2.60661,0.04022193427672175
5660,9.10479,2.93361,1.455117059606045,11.12452,3.19847,1.0850109444245197,12.73714,4.20344,0.45235204622521386,14.65777,4.06871,1.4538875492831462,16.40832,3.81407,0.44779529885743863,17.82364,3.36739,0.7850104864207436,18.86101,3.96727,0.6020358250369505,20.43215,3.69425,1.1828894558315388,22.29578,2.69534,1.6682008902837258
5680,9.21344,2.93997,1.2843534940554604,11.24158,3.202,0.8193386980292358,12.81414,4.1578,1.790394717706349,14.76547,4.01797,0.7143618268089047,16.50649,3.77214,1.706515354238972,17.93427,3.3343,1.4993804850554928,18.96025,3.92939,1.6442711268133618,20.37462,3.74117,0.8687221025190277,22.18786,2.73818,0.7801131861832085
5700,9.37983,2.95344,1.4185836814582375,11.364,3.21144,1.5100557384231035,12.9353,4.10812,0.6568930731738534,14.81762,3.99015,1.1019162291712152,16.60877,3.75241,0.48254883764121304,18.02608,3.32153,0.8788475889305694,19.05785,3.91635,0.4719634431003467,20.30936,3.84592,1.1035205738163263,22.09581,2.77701,1.9370265735041925
5720,9.45077,2.95895,0.08755754117961098,11.4885,3.21593,0.01566951079785316,13.18073,4.02021,0.08948545985743338,15.0084,3.8848,0.06801090728740558,16.8496,3.67875,0.08095896486563867,18.25442,3.27814,0.04579756141597154,19.29706,3.86405,0.06451503741269002,20.29569,3.8941,0.4897687805951309,21.93924,2.84231,0.04781274287539471
5740,9.70325,2.97691,0.011732658346189962,11.73591,3.22394,0.008041956850074018,13.18891,4.01834,0.0022672592244355537,15.01342,3.88553,0.30638794800649666,16.85578,3.67739,0.001078047508442954,18.25812,3.27742,0.0015265620644144826,19.30232,3.86354,0.0014219310641704428,20.50472,3.76068,0.008895940394185115,22.1078,2.69078,0.27319560564825696
5760,9.70244,2.97694,0.000163981612213522,11.73633,3.2239,0.0013196740156870862,13.1966,4.01221,0.6701394358224764,15.01676,4.11952,0.1641758846352059,16.85689,3.6982,0.7856162551979388,18.48804,3.25101,0.2149655332549893,19.52631,3.81763,0.2601269105300458,20.50553,3.76054,0.023249801433068384,22.12422,2.67627,0.015582594507030454
5780,9.80305,2.98702,1.8459480890062996,11.76274,3.22269,0.7038102222170143,13.34065,3.94675,1.0336130992883676,15.01717,4.13023,0.034873852703139314,16.85861,3.85818,0.9324633846521739,18.50213,3.25033,0.04592153855648075,19.54308,3.81601,0.057314622470825305,20.63057,3.70077,1.4811293524103153,22.12639,2.67483,0.3328239343532646
5800,9.95892,2.99133,0.058788910195644695,11.97392,3.22195,0.12233025959167627,13.41916,3.92625,0.029893536845517824,15.06128,4.35722,0.22495250193089036,16.8626,3.89972,0.4390659480865427,18.72076,3.2246,0.35048289036096186,19.76111,3.77423,0.36130146361615345,20.73881,3.67456,0.028709663568938778,22.33973,2.58334,0.1747412218341309
5820,10.18551,3.00097,0.48564852973514455,11.97864,3.22513,0.32855256412093936,13.62754,3.84263,0.3029247240136776,15.06474,4.37476,0.011129594928619174,17.07445,3.82166,0.23080893556682935,18.74988,3.22318,0.01947304052749878,19.78984,3.77147,0.015543139582763035,20.95219,3.60997,0.33227541611622047,22.35356,2.5792,0.03203131015193129
5840,10.20717,3.00189,0.00099129983296633,11.97745,3.46885,0.035351207941428826,13.65212,3.83668,0.002668935759599299,15.19518,4.57899,0.10453588236181698,17.08968,3.81853,0.004850610021656829,18.95669,3.12272,0.22904911317921414,20.00983,3.71996,0.3004101221397355,20.98048,3.60369,0.002088598978330248,22.58536,2.50105,0.047655691073966354
5860,10.20977,2.99986,0.39239223328538164,11.97747,3.47075,0.01282554128676561,13.6783,3.81464,1.1606426129952838,15.19598,4.58436,0.035183132948605304,17.05008,3.86235,1.2499899358976632,18.96834,3.11956,0.07865984051143278,20.02584,3.71808,0.10614013884345602,20.99418,3.59106,0.9545173863901508,22.58789,2.5006,0.017961252457158124
5880,10.45479,2.97928,0.019164089791089738,12.00558,3.7168,0.026690806020871552,13.87712,3.73142,0.012814595492560957,15.3542,4.76797,0.10225577177998335,17.00181,4.04776,0.009479628468631226,18.95595,3.12702,0.6381963368610644,20.03501,3.71747,0.0025078728854773897,21.22139,3.53709,0.013259551616906593,22.7081,2.29034,0.08466860031112565
5900,10.4562,2.97913,0.0002314606326096671,12.00562,3.71911,0.0010213883054356744,13.88757,3.72138,0.7083163799867198,15.35979,4.77506,0.006423813728958429,17.03453,4.01577,1.0419351492071287,18.7835,3.28364,0.06024719320630301,20.26817,3.66416,0.12881226480767416,21.2255,3.53395,0.4756006312268362,22.71063,2.28404,0.0020719325207491403
5920,10.69864,2.94671,0.06760697446122133,12.08284,3.94509,0.13620263264399013,14.11288,3.6674,0.05529398633513562,15.36834,4.76953,0.5733689846563165,17.23197,3.96364,0.03231382494318728,18.78797,3.28671,0.0008992225385111247,20.27887,3.66297,0.0007397366807683823,21.46238,3.47918,0.05561277911671896,22.89515,2.27671,0.7767389110704576
5940,10.70223,2.94642,0.02402567988735364,12.08403,3.95228,0.04889867063037697,14.11742,3.66542,0.2988189595992123,15.45975,4.7012,1.6206953677277918,17.24096,3.95372,0.6505754771465875,18.74472,3.33114,1.5473623967658434,20.30283,3.6415,0.9179199926682609,21.46536,3.47891,0.038539375645179536,22.93659,2.27634,0.2771451725584937
5960,10.938,2.91676,0.16212391166548804,12.24927,4.1188,0.4599841354774913,14.3316,3.58999,0.20976636334287616,15.56729,4.64851,0.028147047654111825,17.45657,3.8844,0.1311665579711979,18.61792,3.46301,0.05393079535963334,20.51401,3.6054,0.08729223078953442,21.69568,3.41542,0.143682516649843,23.09886,2.19841,1.0415125861485872
5980,10.95103,2.91528,0.004075414780482017,12.2346,4.15449,0.0016500251491636394,14.33687,3.59517,0.04233310634694445,15.74548,4.82061,0.00602717064292841,17.68969,3.80896,0.14594463143167014,18.79609,3.63366,0.0523975523066022,20.75141,3.54341,0.11223324934701769,21.70764,3.41302,0.0007055385279344951,23.18182,2.17793,0.00164744752922116
6000,11.14409,2.91104,0.765563210499859,12.24158,4.15021,0.5251943340545191,14.11284,3.64935,0.09048232641015325,15.74535,4.82054,0.003868880429285491,17.70069,3.80726,0.01416205321643447,18.79901,3.6369,0.003773228785414713,20.75995,3.54256,0.007931447752508319,21.91568,3.3686,0.4469057310058528,23.18264,2.17724,0.004225577146661558
